Departamento,Municipios,Altitud,Provincia,Tipo ,Habitantes ,Área,"Altitud
(msnm) ","Temp.
(°C) ","Año de
fundación ",,
Amazonas,El Encanto,147,,Área no municipalizada,4 884,11251,147,25,1951,,
Amazonas,La Chorrera,152,,Área no municipalizada,3 933,12517,152,25,1972,,
Amazonas,La Pedrera,119,,Área no municipalizada,5 125,13945,119,26,1935,,
Amazonas,La Victoria,141,,Área no municipalizada,1 115,1443,141,25,1996,,
Amazonas,Leticia,80,,Municipio,41 639,5832,80,26,1867,,
Amazonas,Mirití-Paraná,116,,Área no municipalizada,1 525,16864,116,26,1935,,
Amazonas,Puerto Alegría,156,,Área no municipalizada,2 023,8774,156,25,1981,,
Amazonas,Puerto Arica,96,,Áárea no municipalizada,1 340,13526,96,26,1981,,
Amazonas,Puerto Nariño,96,,Municipio,8 279,1475,96,30,1961,,
Amazonas,Puerto Santander,172,,Área no municipalizada,2 991,14885,172,25,1946,,
Amazonas,Tarapacá,54,,Área no municipalizada,4 234,9153,54,27,1909,,
,Nombre ,,,Subregión ,Altitud (m.s.n.m.) ,Temperatura Promedio (°C) ,Área (km²) ,Habitantes ,Año de fundación,,
Antioquia,Cáceres ,200,,Bajo Cauca ,200,28,1996,38 850 ,1576,,
Antioquia,Caucasia ,150,,Bajo Cauca ,150,28,1411,114 902 ,1886,,
Antioquia,El Bagre ,150,,Bajo Cauca ,150,28,1563,49 913 ,1675,,
Antioquia,Nechí ,30,,Bajo Cauca ,30,28,914,27 238 ,1636,,
Antioquia,Tarazá ,255,,Bajo Cauca ,255,28,1560,43 856 ,1953,,
Antioquia,Zaragoza ,150,,Bajo Cauca ,150,28,1064,31 129 ,1581,,
Antioquia,Caracolí ,625,,Magdalena Medio ,625,26,260,4 569 ,1876,,
Antioquia,Maceo ,950,,Magdalena Medio ,950,23,431,6 775 ,1910,,
Antioquia,Puerto Berrío ,125,,Magdalena Medio ,125,27,1184,47 717 ,1875,,
Antioquia,Puerto Nare ,125,,Magdalena Medio ,125,27,660,18 846 ,1857,,
Antioquia,Puerto Triunfo ,150,,Magdalena Medio ,150,27,361,20 483 ,1944,,
Antioquia,Yondó ,75,,Magdalena Medio ,75,28,1881,18 992 ,1941,,
Antioquia,Amalfi ,1500,,Nordeste ,1500,20,1224,22 253 ,1838,,
Antioquia,Anorí ,1550,,Nordeste ,1550,20,1447,17 304 ,1808,,
Antioquia,Cisneros ,1050,,Nordeste ,1050,24,46,8 998 ,1910,,
Antioquia,Remedios ,700,,Nordeste ,700,25,1985,29 898 ,1560,,
Antioquia,San Roque ,1475,,Nordeste ,1475,23,441,16 663 ,1880,,
Antioquia,Santo Domingo ,1975,,Nordeste ,1975,18,271,10 292 ,1778,,
Antioquia,Segovia ,650,,Nordeste ,650,24,1231,40 688 ,1869,,
Antioquia,Vegachí ,980,,Nordeste ,980,23,512,9 273 ,1950,,
Antioquia,Yalí ,1250,,Nordeste ,1250,23,447,8 400 ,1888,,
Antioquia,Yolombó ,1450,,Nordeste ,1450,21,941,24 384 ,1560,,
Antioquia,Angostura ,1675,,Norte ,1675,19,4,392,11 240 ,1814,
Antioquia,Belmira ,2500,,Norte ,2500,14,279,6 823 ,1757,,
Antioquia,Briceño ,1200,,Norte ,1200,20,6,406,8 692 ,1886,
Antioquia,Campamento ,1700,,Norte ,1700,20,200,9 035 ,1827,,
Antioquia,Carolina del Príncipe ,1700,,Norte ,1700,20,200,3 583 ,1787,,
Antioquia,Donmatías ,2200,,Norte ,2200,16,181,22 726 ,1787,,
Antioquia,Entrerríos ,2300,,Norte ,2300,16,219,10 102 ,1830,,
Antioquia,Gómez Plata ,1800,,Norte ,1800,20,360,12 964 ,1882,,
Antioquia,Guadalupe ,1875,,Norte ,1875,20,87,6 306 ,1895,,
Antioquia,Ituango ,1550,,Norte ,1550,21,2345,20 628 ,1844,,
Antioquia,San Andrés de Cuerquia ,1475,,Norte ,1475,22,177,6 126 ,1761,,
Antioquia,San José de la Montaña ,2590,,Norte ,2590,13,127,3 368 ,1916,,
Antioquia,San Pedro de los Milagros ,2475,,Norte ,2475,14,229,27 059 ,1659,,
Antioquia,Santa Rosa de Osos ,2550,,Norte ,2550,13,812,36 103 ,1757,,
Antioquia,Toledo ,1850,,Norte ,1850,19,139,6 466 ,1757,,
Antioquia,Valdivia ,1165,,Norte ,1165,21,545,22 754 ,1849,,
Antioquia,Yarumal ,2300,,Norte ,2300,14,724,47 436 ,1787,,
Antioquia,Abriaquí ,1900,,Occidente ,1900,17,5,290,2 075 ,1821,
Antioquia,Antioquia ,500,,Occidente ,500,26,7,499,24 724 ,1541,
Antioquia,Anzá ,625,,Occidente ,625,26,256,7 580 ,1757,,
Antioquia,Armenia ,1800,,Occidente ,1800,18,111,4 110 ,1864,,
Antioquia,Buriticá ,1650,,Occidente ,1650,19,368,6 566 ,1614,,
Antioquia,Caicedo ,1800,,Occidente ,1800,19,221,8 275 ,1870,,
Antioquia,Cañasgordas ,1300,,Occidente ,1300,21,391,16 751 ,1782,,
Antioquia,Dabeiba ,450,,Occidente ,450,27,1883,23 280 ,1850,,
Antioquia,Ebéjico ,1150,,Occidente ,1150,24,235,12 510 ,1830,,
Antioquia,Frontino ,1350,,Occidente ,1350,21,1236,16 311 ,1806,,
Antioquia,Giraldo ,1925,,Occidente ,1925,17,96,4 009 ,1805,,
Antioquia,Heliconia ,1440,,Occidente ,1440,21,117,5 837 ,1814,,
Antioquia,Liborina ,700,,Occidente ,700,24,217,9 546 ,1832,,
Antioquia,Olaya ,500,,Occidente ,500,26,90,3 278 ,1773,,
Antioquia,Peque ,1200,,Occidente ,1200,22,392,11 064 ,1868,,
Antioquia,Sabanalarga ,850,,Occidente ,850,25,256,8 191 ,1616,,
Antioquia,San Jerónimo ,780,,Occidente ,780,25,155,12 724 ,1616,,
Antioquia,Sopetrán ,750,,Occidente ,750,25,223,14 821 ,1616,,
Antioquia,Uramita ,650,,Occidente ,650,25,236,8 230 ,1875,,
Antioquia,Abejorral ,2275,,Oriente ,2275,16,497,19 195 ,1805,,
Antioquia,Alejandría ,1750,,Oriente ,1750,19,151,3 435 ,1886,,
Antioquia,Argelia ,1700,,Oriente ,1700,18,257,8 578 ,1891,,
Antioquia,El Carmen de Viboral ,2150,,Oriente ,2150,17,448,47 340 ,1800,,
Antioquia,Cocorná ,1300,,Oriente ,1300,23,210,14 964 ,1793,,
Antioquia,Concepción ,1875,,Oriente ,1875,19,167,3 375 ,1771,,
Antioquia,El Peñol ,2000,,Oriente ,2000,18,143,15 848 ,1714,,
Antioquia,El Retiro ,2175,,Oriente ,2175,16,273,19 310 ,1790,,
Antioquia,El Santuario ,2150,,Oriente ,2150,17,75,27 176 ,1775,,
Antioquia,Granada ,2050,,Oriente ,2050,17,183,9 866 ,1807,,
Antioquia,Guarne ,2150,,Oriente ,2150,17,151,48 659 ,1757,,
Antioquia,Guatapé ,1925,,Oriente ,1925,19,69,5 231 ,1811,,
Antioquia,La Ceja ,2200,,Oriente ,2200,16,131,53 361 ,1789,,
Antioquia,La Unión ,2500,,Oriente ,2500,13,198,19 229 ,1778,,
Antioquia,Marinilla ,2120,,Oriente ,2120,17,115,54 186 ,1690,,
Antioquia,Nariño ,1650,,Oriente ,1650,20,313,17 486 ,1827,,
Antioquia,Rionegro ,2125,,Oriente ,2125,17,196,122 231 ,1663,,
Antioquia,San Carlos ,1000,,Oriente ,1000,23,702,16 086 ,1786,,
Antioquia,San Francisco ,1250,,Oriente ,1250,23,372,5 222 ,1830,,
Antioquia,San Luis ,1050,,Oriente ,1050,24,453,10 938 ,1875,,
Antioquia,San Rafael ,1000,,Oriente ,1000,24,362,12 920 ,1864,,
Antioquia,San Vicente ,2150,,Oriente ,2150,17,243,16 967 ,1776,,
Antioquia,Sonsón ,2500,,Oriente ,2500,13,1323,35 056 ,1800,,
Antioquia,Amagá ,1250,,Suroeste ,1250,21,85,29 770 ,1788,,
Antioquia,Andes ,1300,,Suroeste ,1300,21,2,449,46 221 ,1852,
Antioquia,Angelópolis ,1950,,Suroeste ,1950,17,5,87,9 082 ,1887,
Antioquia,Betania ,1450,,Suroeste ,1450,20,170,9 188 ,1889,,
Antioquia,Betulia ,1600,,Suroeste ,1600,19,5,255,17 606 ,1848,
Antioquia,Caramanta ,2050,,Suroeste ,2050,17,86,5 340 ,1557,,
Antioquia,Ciudad Bolívar ,1400,,Suroeste ,1400,22,285,26 957 ,1839,,
Antioquia,Concordia ,2000,,Suroeste ,2000,19,231,20 565 ,1830,,
Antioquia,Fredonia ,1800,,Suroeste ,1800,20,247,21 426 ,1790,,
Antioquia,Hispania ,1000,,Suroeste ,1000,24,58,4 874 ,1925,,
Antioquia,Jardín ,1750,,Suroeste ,1750,19,224,13 673 ,1864,,
Antioquia,Jericó ,2000,,Suroeste ,2000,18,193,12 016 ,1851,,
Antioquia,La Pintada ,600,,Suroeste ,600,25,55,6 507 ,1815,,
Antioquia,Montebello ,2350,,Suroeste ,2350,15,86,6 077 ,1876,,
Antioquia,Pueblorrico ,1800,,Suroeste ,1800,19,86,6 913 ,1866,,
Antioquia,Salgar ,1250,,Suroeste ,1250,23,418,17 539 ,1880,,
Antioquia,Santa Bárbara ,1800,,Suroeste ,1800,19,185,21 917 ,1774,,
Antioquia,Támesis ,1600,,Suroeste ,1600,21,245,14 559 ,1858,,
Antioquia,Tarso ,1235,,Suroeste ,1235,22,119,7 863 ,1912,,
Antioquia,Titiribí ,1550,,Suroeste ,1550,21,142,14 494 ,1775,,
Antioquia,Urrao ,1800,,Suroeste ,1800,20,2556,45 266 ,1781,,
Antioquia,Valparaíso ,1375,,Suroeste ,1375,21,130,6 152 ,1860,,
Antioquia,Venecia ,1350,,Suroeste ,1350,21,141,13 231 ,1898,,
Antioquia,Apartadó ,30,,Urabá ,30,27,3,607,183 716 ,1907,
Antioquia,Arboletes ,50,,Urabá ,50,27,3,718,41 209 ,1920,
Antioquia,Carepa ,28,,Urabá ,28,28,380,57 220 ,1950,,
Antioquia,Chigorodó ,34,,Urabá ,34,28,608,78 148 ,1878,,
Antioquia,Murindó ,25,,Urabá ,25,28,1349,4 692 ,1835,,
Antioquia,Mutatá ,75,,Urabá ,75,28,1106,21 077 ,1850,,
Antioquia,Necoclí ,8,,Urabá ,8,28,1361,63 991 ,1509,,
Antioquia,San Juan de Urabá ,2,,Urabá ,2,28,239,25 652 ,1896,,
Antioquia,San Pedro de Urabá ,200,,Urabá ,200,28,476,31 539 ,1956,,
Antioquia,Turbo ,2,,Urabá ,2,28,2759,163 525 ,1840,,
Antioquia,Vigía del Fuerte ,18,,Urabá ,18,28,1780,5 587 ,1815,,
Antioquia,Barbosa ,1300,,Valle de Aburrá ,1300,28,208,50 832 ,1795,,
Antioquia,Bello ,1450,,Valle de Aburrá ,1450,22,142,464 560 ,1676,,
Antioquia,Caldas ,1750,,Valle de Aburrá ,1750,19,133,78 762 ,1840,,
Antioquia,Copacabana ,1454,,Valle de Aburrá ,1454,21,70,71 033 ,1615,,
Antioquia,Envigado ,1575,,Valle de Aburrá ,1575,21,50,227 599 ,1775,,
Antioquia,Girardota ,1425,,Valle de Aburrá ,1425,22,78,55 477 ,1620,,
Antioquia,Itagüí ,1550,,Valle de Aburrá ,1550,21,17,270 920 ,1743,,
Antioquia,La Estrella ,1775,,Valle de Aburrá ,1775,20,35,63 332 ,1685,,
Antioquia,Medellín ,1538,,Valle de Aburrá ,1538,22,5,380,64,2 457 680 ,1675
Antioquia,Sabaneta ,1550,,Valle de Aburrá ,1550,20,15,52 559 ,1903,,
,Nombre ,,,Altitud (m.s.n.m.) ,Temperatura Promedio (°C) ,Área (km²) ,Habitantes ,Año de fundación ,Código postal urbano1​,,
Arauca,Arauca ,119,,119,30,5841,89 712 ,1780,810001,,
Arauca,Arauquita ,165,,165,28,3281,41 743 ,1675,816010,,
Arauca,Cravo Norte ,124,,124,27,5301,3 293 ,1538,812010,,
Arauca,Fortul ,246,,246,28,1125,25 745 ,1990,814050,,
Arauca,Puerto Rondón ,190,,190,25,2186,3 837 ,1921,813010,,
Arauca,Saravena ,190,,190,25,5,658,47 594 ,1976,815010,
Arauca,Tame ,340,,340,28,6457,53 266 ,1628,814010,,
,Nombre ,,,Subregión ,Altitud (m.s.n.m.) ,Temperatura Promedio (°C) ,Área (km²) ,Habitantes ,Año de fundación,,
Atlántico,Barranquilla ,5,,Norte ,5,27,4,166,1 223 967 ,1629,
Atlántico,Baranoa ,100,,Centro-Oriente ,100,27,127,58 432 ,1856,,
Atlántico,Campo de la Cruz ,7,,Sur ,7,28,33,15 753 ,1634,,
Atlántico,Candelaria ,8,,Sur ,8,28,143,12 507 ,1760,,
Atlántico,Galapa ,83,,Norte ,83,28,98,43 873 ,1873,,
Atlántico,Juan de Acosta ,80,,Occidente ,80,29,127,17 033 ,1606,,
Atlántico,Luruaco ,31,,Sur ,31,28,246,27 230 ,1533,,
Atlántico,Malambo ,10,,Norte ,10,28,108,123 278 ,1857,,
Atlántico,Manatí ,10,,Sur ,10,28,206,15 913 ,1680,,
Atlántico,Palmar de Varela ,10,,Centro-Oriente ,10,28,94,25 485 ,1806,,
Atlántico,Piojó ,314,,Occidente ,314,26,258,5 142 ,1533,,
Atlántico,Polonuevo ,80,,Centro-Oriente ,80,28,72,15 412 ,1758,,
Atlántico,Ponedera ,10,,Centro-Oriente ,10,28,204,22 577 ,1743,,
Atlántico,Puerto Colombia ,1,,Norte ,1,28,93,26 995 ,1888,,
Atlántico,Repelón ,9,,Sur ,9,29,330,26 437 ,1848,,
Atlántico,Sabanagrande ,9,,Centro-Oriente ,9,28,43,32 332 ,1857,,
Atlántico,Sabanalarga ,99,,Centro-Oriente ,99,28,399,99 259 ,1619,,
Atlántico,Santa Lucía ,8,,Sur ,8,28,84,11 494 ,1874,,
Atlántico,Santo Tomás ,8,,Centro-Oriente ,8,28,66,25 453 ,1857,,
Atlántico,Soledad ,5,,Norte ,5,28,67,632 014 ,1598,,
Atlántico,Suan ,8,,Sur ,8,33,55,8 664 ,1827,,
Atlántico,Tubará ,203,,Occidente ,203,27,176,11 024 ,1533,,
Atlántico,Usiacurí ,95,,Occidente ,95,27,5,103,9 435 ,1534,
Bogota,Bogota,2640,,Bogota,2640,,,,,,
,Nombre ,,,Subregión ,Altitud (m.s.n.m.) ,Temperatura Promedio (°C) ,Área (km²) ,Habitantes ,Año de fundación ,Habitantes cabecera municipal ,Área Metropolitana
Bolívar,Achí ,20,,Mojana bolivarense ,20,31,871,23 451 ,1817,4 193 ,
Bolívar,Altos del Rosario ,17,,Loba ,17,31,248,13 946 ,1973,8 367 ,
Bolívar,Arenal ,41,,Magdalena Medio ,41,30,534,19 302 ,1850,5 314 ,
Bolívar,Arjona ,63,,Dique bolivarense ,63,28,566,73 891 ,1775,58 087 ,
Bolívar,Arroyohondo ,30,,Dique bolivarense ,30,37,162,10 038 ,1791,6 774 ,
Bolívar,Barranco de Loba ,23,,Loba ,23,35,416,18 095 ,1800,6 304 ,
Bolívar,Calamar ,9,,Dique bolivarense ,9,34,246,23 609 ,1848,13 364 ,
Bolívar,Cantagallo ,59,,Magdalena Medio ,59,35,669,9 393 ,1938,4 485 ,
Bolívar,El Carmen de Bolívar ,157,,Montes de María ,157,29,954,76 051 ,1776,60 708 ,
Bolívar,Cartagena de Indias ,2,,Dique bolivarense ,2,30,709,1 013 454 ,1533,971 700 ,1188044
Bolívar,Cicuco ,19,,Depresión momposina ,19,30,103,11 124 ,1994,7 581 ,
Bolívar,Clemencia ,68,,Dique bolivarense ,68,30,95,12 653 ,1994,10 653 ,
Bolívar,Córdoba ,22,,Mojana bolivarense ,22,32,450,12 389 ,1908,3 087 ,
Bolívar,El Guamo ,20,,Montes de María ,20,32,390,7 770 ,1750,4 380 ,
Bolívar,El Peñón ,29,,Loba ,29,32,252,9 694 ,1737,4 008 ,
Bolívar,Hatillo de Loba ,18,,Depresión momposina ,18,32,150,12 043 ,1745,3 513 ,
Bolívar,Magangué ,49,,Mojana bolivarense ,49,31,1568,123 833 ,1610,85 972 ,
Bolívar,Mahates ,9,,Dique bolivarense ,9,34,479,26 126 ,1533,9 986 ,
Bolívar,Margarita ,20,,Depresión momposina ,20,32,295,9 966 ,1882,1 760 ,
Bolívar,María La Baja ,14,,Montes de María ,14,34,547,48 439 ,1535,21 519 ,
Bolívar,Montecristo ,78,,Mojana bolivarense ,78,30,2089,21 742 ,1958,11 408 ,
Bolívar,Morales ,19,,Magdalena Medio ,19,34,1765,21 501 ,1610,5 944 ,
Bolívar,Norosí ,60,,Magdalena Medio ,60,31,412,5 177 ,1668,2 116 ,
Bolívar,Pinillos ,15,,Mojana bolivarense ,15,34,753,25 186 ,1842,2 715 ,
Bolívar,Regidor ,29,,Magdalena Medio ,29,34,396,10 682 ,1995,4 559 ,
Bolívar,Río Viejo ,34,,Magdalena Medio ,34,33,1414,18 371 ,1785,9 702 ,
Bolívar,San Cristóbal ,8,,Dique bolivarense ,8,34,56,6 694 ,,5 638 ,
Bolívar,San Estanislao ,13,,Dique bolivarense ,13,34,208,16 369 ,1650,12 074 ,
Bolívar,San Fernando ,18,,Depresión momposina ,18,33,388,13 846 ,1759,2 956 ,
Bolívar,San Jacinto ,227,,Montes de María ,227,29,434,21 570 ,1776,20 877 ,
Bolívar,San Jacinto del Cauca ,25,,Mojana bolivarense ,25,37,549,13 723 ,1817,3 893 ,
Bolívar,San Juan Nepomuceno ,1,,Montes de María ,1,27,675,33 623 ,1776,26 690 ,
Bolívar,San Martín de Loba ,19,,Loba ,19,33,442,17 689 ,1637,7 577 ,
Bolívar,San Pablo ,75,,Magdalena Medio ,75,29,1967,34 033 ,1543,30 233 ,
Bolívar,Santa Catalina ,20,,Dique bolivarense ,20,33,153,13 298 ,1509,4 798 ,
Bolívar,Santa Cruz de Mompox ,16,,Depresión momposina ,16,31,645,44 460 ,1537,26 137 ,
Bolívar,Santa Rosa ,43,,Dique bolivarense ,43,32,151,23 105 ,1735,14 850 ,
Bolívar,Santa Rosa del Sur ,620,,Magdalena Medio ,620,26,2200,42 960 ,1540,23 543 ,
Bolívar,Simití ,45,,Magdalena Medio ,45,32,1445,20 576 ,1537,10 216 ,
Bolívar,Soplaviento ,11,,Montes de María ,11,32,91,8 467 ,1533,8 285 ,
Bolívar,Talaigua Nuevo ,20,,Depresión momposina ,20,30,261,11 387 ,1540,5 397 ,
Bolívar,Tiquisio ,24,,Mojana bolivarense ,24,32,758,22 474 ,1994,6 234 ,
Bolívar,Turbaco ,100,,Dique bolivarense ,100,30,204,73 179 ,1510,67 926 ,
Bolívar,Turbaná ,80,,Dique bolivarense ,80,34,148,15 031 ,1894,13 945 ,
Bolívar,Villanueva ,110,,Montes de María ,110,31,135,19 923 ,1970,18 481 ,
Bolívar,Zambrano ,5,,Montes de María ,5,34,287,11 688 ,1770,10 666 ,
,Nombre ,,,Provincia ,Área (km²) ,Habitantes (2016) ,Altitud (m.s.n.m.) ,Año de fundación ,Código postal urbano,,
Boyacá,Chíquiza ,2480,,Centro ,71,5 433 ,2480,1556,154020,,
Boyacá,Chivatá ,2900,,Centro ,49,6 315 ,2900,1556,150240,,
Boyacá,Cómbita ,2825,,Centro ,149,14 812 ,2825,1586,150201,,
Boyacá,Cucaita ,2634,,Centro ,43,4 687 ,2634,1556,22988:00:00,,
Boyacá,Motavita ,2908,,Centro ,61,8 195 ,2908,1816,154080,,
Boyacá,Oicatá ,2715,,Centro ,59,2 831 ,2715,1559,150220,,
Boyacá,Samacá ,2604,,Centro ,160,20 116 ,2604,1556,153660,,
Boyacá,Siachoque ,2760,,Centro ,125,8 967 ,2760,1537,153460,,
Boyacá,Sora ,2700,,Centro ,47,3 027 ,2700,1556,154040,,
Boyacá,Soracá ,2799,,Centro ,57,5 279 ,2799,1954,153480,,
Boyacá,Sotaquirá ,2670,,Centro ,288,7 578 ,2670,1583,150420,,
Boyacá,Toca ,2765,,Centro ,165,10 106 ,2765,1555,150260,,
Boyacá,Tunja ,2678,,Centro ,118,191 878 ,2678,1539,150001-150009,,
Boyacá,Tuta ,2600,,Centro ,165,9 734 ,2600,1776,150401,,
Boyacá,Ventaquemada ,2642,,Centro ,"159,3",15 532 ,2642,1777,153640,,
Boyacá,Chiscas ,2368,,Gutiérrez ,"655,2",4 200 ,2368,1777,151401,,
Boyacá,El Cocuy ,2700,,Gutiérrez ,253,5 197 ,2700,1541,151280,,
Boyacá,El Espino ,2128,,Gutiérrez ,70,4 205 ,2128,1790,151240,,
Boyacá,Guacamayas ,2195,,Gutiérrez ,"59,83",1 657 ,2195,1764,151220,,
Boyacá,Güicán ,2880,,Gutiérrez ,917,6 801 ,2880,1756,151440,,
Boyacá,Panqueba ,2240,,Gutiérrez ,42,1 452 ,2240,1635,151260,,
Boyacá,Labranzagrande ,1100,,La Libertad ,625,5 068 ,1100,1586,151840,,
Boyacá,Pajarito ,793,,La Libertad ,322,1 670 ,793,1853,152401,,
Boyacá,Paya ,975,,La Libertad ,"435,5",2 537 ,975,1600,151820,,
Boyacá,Pisba ,1490,,La Libertad ,"469,12",1 323 ,1490,1629,151801,,
Boyacá,Berbeo ,1335,,Lengupá ,"61,7",1 934 ,1335,1913,152610,,
Boyacá,Campohermoso ,1105,,Lengupá ,302,3 813 ,1105,1602,152640,,
Boyacá,Miraflores ,1523,,Lengupá ,258,9 779 ,1523,1811,152660,,
Boyacá,Páez ,1300,,Lengupá ,443,2 867 ,1300,1962,152620,,
Boyacá,San Eduardo ,1705,,Lengupá ,106,1 867 ,1705,1965,152601,,
Boyacá,Zetaquira ,1665,,Lengupá ,226,4 489 ,1665,1745,152680,,
Boyacá,Boyacá ,2411,,Márquez ,48,4 414 ,2411,1539,153610,,
Boyacá,Ciénega ,2455,,Márquez ,73,4 694 ,2455,1818,153440,,
Boyacá,Jenesano ,2075,,Márquez ,59,7 659 ,2075,1828,153601,,
Boyacá,Nuevo Colón ,2460,,Márquez ,51,6 602 ,2460,1783,153620,,
Boyacá,Ramiriquí ,2313,,Márquez ,139,9 926 ,2313,1541,153401,,
Boyacá,Rondón ,2075,,Márquez ,258,2 796 ,2075,1905,153420,,
Boyacá,Tibaná ,2085,,Márquez ,"121,76",9 136 ,2085,1537,153260,,
Boyacá,Turmequé ,2380,,Márquez ,106,6 050 ,2380,1537,153630,,
Boyacá,Úmbita ,2450,,Márquez ,148,10 322 ,2450,1778,153240,,
Boyacá,Viracachá ,2540,,Márquez ,64,3 201 ,2540,1787,153450,,
Boyacá,Chinavita ,1757,,Neira ,148,3 499 ,1757,1822,153280,,
Boyacá,Garagoa ,1675,,Neira ,"191,75",16 974 ,1675,1635,152860,,
Boyacá,Macanal ,1675,,Neira ,"199,5",4 827 ,1675,1777,152840,,
Boyacá,Pachavita ,1985,,Neira ,68,2 453 ,1985,1716,153210,,
Boyacá,San Luis de Gaceno ,395,,Neira ,"458,5",4 996 ,395,1956,152801,,
Boyacá,Santa María ,830,,Neira ,"326,44",3 918 ,830,1944,152820,,
Boyacá,Boavita ,2161,,Norte ,159,6 914 ,2161,1613,151060,,
Boyacá,Covarachía ,2320,,Norte ,103,2 825 ,2320,1823,151040,,
Boyacá,La Uvita ,2367,,Norte ,176,2 435 ,2367,1758,150860,,
Boyacá,San Mateo ,2221,,Norte ,131,3 582 ,2221,1773,151201,,
Boyacá,Sativanorte ,2600,,Norte ,184,2 306 ,2600,1934,150820,,
Boyacá,Sativasur ,2600,,Norte ,81,1 094 ,2600,1976,150801,,
Boyacá,Soatá ,1975,,Norte ,136,7 069 ,1975,1545,151001,,
Boyacá,Susacón ,2480,,Norte ,193,3 027 ,2480,1809,150880,,
Boyacá,Tipacoque ,1850,,Norte ,72,3 160 ,1850,1968,151020,,
Boyacá,Briceño ,1340,,Occidente ,64,2 568 ,1340,1890,154670,,
Boyacá,Buenavista ,2197,,Occidente ,111,5 777 ,2197,1822,154840,,
Boyacá,Caldas ,2650,,Occidente ,111,3 596 ,2650,1837,154660,,
Boyacá,Chiquinquirá ,2586,,Occidente ,133,66 203 ,2586,1810,154640,,
Boyacá,Coper ,950,,Occidente ,202,3 610 ,950,1776,154860,,
Boyacá,La Victoria ,1400,,Occidente ,110,1 674 ,1400,1956,155001,,
Boyacá,Maripí ,1245,,Occidente ,160,7 424 ,1245,1777,154820,,
Boyacá,Muzo ,843,,Occidente ,136,8 914 ,843,1559,154880,,
Boyacá,Otanche ,1050,,Occidente ,512,10 671 ,1050,1960,155060,,
Boyacá,Pauna ,1121,,Occidente ,259,10 797 ,1121,1776,154801,,
Boyacá,Quípama ,1205,,Occidente ,182,7 776 ,1205,1986,155020,,
Boyacá,Saboyá ,2625,,Occidente ,246,12 309 ,2625,1556,154601,,
Boyacá,San Miguel de Sema ,2615,,Occidente ,90,4 548 ,2615,1915,153820,,
Boyacá,San Pablo de Borbur ,678,,Occidente ,"193,9",10 478 ,678,1959,155040,,
Boyacá,Tununguá ,1246,,Occidente ,73,1 861 ,1246,1962,154680,,
Boyacá,Almeida ,1925,,Oriente ,"57,98",1 699 ,1925,1907,153020,,
Boyacá,Chivor ,1850,,Oriente ,103,1 752 ,1850,1905,153001,,
Boyacá,Guateque ,1810,,Oriente ,"36,1",9 552 ,1810,1537,153050,,
Boyacá,Guayatá ,1700,,Oriente ,103,5 013 ,1700,1821,153040,,
Boyacá,La Capilla ,1755,,Oriente ,"57,26",2 499 ,1755,1793,153220,,
Boyacá,Somondoco ,1695,,Oriente ,"58,7",3 555 ,1695,1537,153030,,
Boyacá,Sutatenza ,1895,,Oriente ,"41,26",4 033 ,1895,1783,153060,,
Boyacá,Tenza ,1560,,Oriente ,51,4 052 ,1560,1537,153201,,
Boyacá,Arcabuco ,2575,,Ricaurte ,155,5 243 ,2575,1856,154201,,
Boyacá,Chitaraque ,1575,,Ricaurte ,"157,65",5 596 ,1575,1790,154420,,
Boyacá,Gachantivá ,2375,,Ricaurte ,66,2 617 ,2375,1815,154220,,
Boyacá,Moniquirá ,1669,,Ricaurte ,220,21 345 ,1669,1788,154260,,
Boyacá,Ráquira ,2150,,Ricaurte ,231,13 682 ,2150,1580,153801,,
Boyacá,Sáchica ,2152,,Ricaurte ,"62,4",3 780 ,2152,1556,153880,,
Boyacá,San José de Pare ,1525,,Ricaurte ,"73,85",5 158 ,1525,1780,154460,,
Boyacá,Santa Sofía ,2360,,Ricaurte ,78,2 658 ,2360,1810,154240,,
Boyacá,Santana ,1591,,Ricaurte ,67,7 671 ,1591,1806,154440,,
Boyacá,Sutamarchán ,2093,,Ricaurte ,102,5 890 ,2093,1556,153860,,
Boyacá,Tinjacá ,2113,,Ricaurte ,"79,26",3 039 ,2113,1556,153840,,
Boyacá,Togüí ,1655,,Ricaurte ,118,4 931 ,1655,1821,154401,,
Boyacá,Villa de Leyva ,2146,,Ricaurte ,128,16 984 ,2146,1572,154001,,
Boyacá,Aquitania ,3030,,Sugamuxi ,828,15 060 ,3030,1777,152420,,
Boyacá,Cuítiva ,2750,,Sugamuxi ,43,1 892 ,2750,1550,152230,,
Boyacá,Firavitoba ,2500,,Sugamuxi ,"109,9",5 864 ,2500,1655,152250,,
Boyacá,Gámeza ,2750,,Sugamuxi ,88,4 776 ,2750,1585,152020,,
Boyacá,Iza ,2530,,Sugamuxi ,54,2 373 ,2530,1556,152240,,
Boyacá,Mongua ,2980,,Sugamuxi ,365,4 657 ,2980,1555,152001,,
Boyacá,Monguí ,2925,,Sugamuxi ,"69,6",4 985 ,2925,1601,152201,,
Boyacá,Nobsa ,2495,,Sugamuxi ,53,16 353 ,2495,1593,152280,,
Boyacá,Pesca ,2600,,Sugamuxi ,282,7 862 ,2600,1548,152460,,
Boyacá,Sogamoso ,2492,,Sugamuxi ,"208,54",112 790 ,2492,1810,152210 152211,,
Boyacá,Tibasosa ,2515,,Sugamuxi ,"94,3",14 196 ,2515,1778,152260,,
Boyacá,Tópaga ,2890,,Sugamuxi ,37,3 694 ,2890,1593,152040,,
Boyacá,Tota ,2870,,Sugamuxi ,314,5 348 ,2870,1535,152440,,
Boyacá,Belén ,2645,,Tundama ,"284,6",7 255 ,2645,1762,150640,,
Boyacá,Busbanzá ,2500,,Tundama ,"22,5",1 192 ,2500,1602,152080,,
Boyacá,Cerinza ,2725,,Tundama ,"61,63",3 714 ,2725,1554,150620,,
Boyacá,Corrales ,2388,,Tundama ,"60,85",2 251 ,2388,1782,152060,,
Boyacá,Duitama ,2532,,Tundama ,186,113 105 ,2532,1775,150461 150462,,
Boyacá,Floresta ,2500,,Tundama ,85,4 478 ,2500,1810,150601,,
Boyacá,Paipa ,2513,,Tundama ,305,31 021 ,2513,1602,150440,,
Boyacá,Santa Rosa de Viterbo ,2748,,Tundama ,107,13 407 ,2748,1690,150480,,
Boyacá,Tutazá ,2800,,Tundama ,135,1 854 ,2800,1849,150660,,
Boyacá,Betéitiva ,2570,,Valderrama ,123,2 024 ,2570,1556,150610,,
Boyacá,Chita ,2949,,Valderrama ,748,9 407 ,2949,1727,151601,,
Boyacá,Jericó ,3100,,Valderrama ,179,3 956 ,3100,1821,150840,,
Boyacá,Paz de Río ,2213,,Valderrama ,116,4 618 ,2213,1934,150680,,
Boyacá,Socha ,2667,,Valderrama ,264,7 092 ,2667,1540,151640,,
Boyacá,Socotá ,2380,,Valderrama ,600,7 934 ,2380,1602,151620,,
Boyacá,Tasco ,2530,,Valderrama ,167,6 296 ,2530,1577,151660,,
Boyacá,Cubará ,357,,Distrito fronterizo ,1650,6 730 ,357,1962,151420,,
Boyacá,Puerto Boyacá ,145,,Manejo especial ,1472,55 694 ,145,1957,155201,,
,Nombre ,,,Subregión ,Altitud (m.s.n.m.) ,Temperatura Promedio (°C) ,Área (km²) ,Habitantes ,Año de fundación,,
Caldas,Filadelfia ,1620,,Alto Occidente ,1620,20,191,41,10 874 ,1850,
Caldas,La Merced ,1819,,Alto Occidente ,1819,19,364,5 393 ,1911,,
Caldas,Marmato ,1400,,Alto Occidente ,1400,23,41,9 162 ,1536,,
Caldas,Riosucio ,1783,,Alto Occidente ,1783,19,429,1,62 296 ,1819,
Caldas,Supía ,1183,,Alto Occidente ,1183,20,122,26 910 ,1540,,
Caldas,Manzanares ,1871,,Alto Oriente ,1871,20,244,7,23 112 ,1863,
Caldas,Marquetalia ,1600,,Alto Oriente ,1600,20,163,15 000 ,1903,,
Caldas,Marulanda ,2820,,Alto Oriente ,2820,17,417,3 396 ,1877,,
Caldas,Pensilvania ,2050,,Alto Oriente ,2050,17,513,26 343 ,1860,,
Caldas,Anserma ,1790,,Bajo Occidente ,1790,19,206,4,33 669 ,1539,
Caldas,Belalcázar ,1632,,Bajo Occidente ,1632,19,114,5,10 760 ,1888,
Caldas,Risaralda ,1743,,Bajo Occidente ,1743,19,108,9 471 ,1825,,
Caldas,San José ,1710,,Bajo Occidente ,1710,19,53,6,7 595 ,1901,
Caldas,Viterbo ,998,,Bajo Occidente ,998,24,110,9,12 438 ,1911,
Caldas,Chinchiná ,1380,,Centro Sur ,1380,24,112,4,51 280 ,1857,
Caldas,Manizales ,2160,,Centro Sur ,2160,19,571,84,397 488 ,1849,
Caldas,Neira ,1969,,Centro Sur ,1969,18,350,56,30 740 ,1842,
Caldas,Palestina ,1630,,Centro Sur ,1630,19,116,85,17 717 ,1855,
Caldas,Villamaría ,1920,,Centro Sur ,1920,18,461,57 369 ,1852,,
Caldas,La Dorada ,190,,Magdalena Caldense ,190,36,500,8,77 355 ,1893,
Caldas,Norcasia ,700,,Magdalena Caldense ,700,25,223,6 322 ,1895,,
Caldas,Samaná ,1460,,Magdalena Caldense ,1460,20,809,25 784 ,1896,,
Caldas,Victoria ,750,,Magdalena Caldense ,750,26,507,8 321 ,1879,,
Caldas,Aguadas ,2170,,Norte ,2170,18,482,7,21 865 ,1808,
Caldas,Aranzazu ,1960,,Norte ,1960,18,151,5,11 293 ,1853,
Caldas,Pácora ,1832,,Norte ,1832,15,265,9,11 673 ,1832,
Caldas,Salamina ,1822,,Norte ,1822,22,403,54,16 316 ,1825,
,Nombre ,,,Altitud (m.s.n.m.) ,Temperatura Promedio (°C) ,Área (km²) ,Habitantes ,Año de fundación,,,
Caquetá,Albania ,538,,538,,417,6 432 ,1932,,,
Caquetá,Belén de los Andaquíes ,476,,476,,1180,9,11 601 ,1917,,
Caquetá,Cartagena del Chairá ,350,,350,,12826,33 908 ,1966,,,
Caquetá,Curillo ,372,,372,24,459,11 737 ,1962,,,
Caquetá,El Doncello ,400,,400,27,1250.25 ,22 183 ,1952,,,
Caquetá,El Paujil ,470,,470,26,1338,12,20 528 ,1955,,
Caquetá,Florencia ,242,,242,27,2292,175 395 ,1902,,,
Caquetá,La Montañita ,450,,450,,,23 789 ,1941,,,
Caquetá,Morelia ,544,,544,,,3 836 ,1922,,,
Caquetá,Puerto Milán ,460,,460,,,11 774 ,1953,,,
Caquetá,Puerto Rico ,523,,523,28,2790,33 447 ,1967,,,
Caquetá,San José del Fragua ,540,,540,27,1228.67 ,15 029 ,1959,,,
Caquetá,San Vicente del Caguán ,280,,280,,,69 214 ,1898,,,
Caquetá,Solano ,203,,203,,,24 131 ,1936,,,
Caquetá,Solita ,250,,250,,,9 143 ,1945,,,
Caquetá,Valparaíso ,485,,485,,,11 687 ,1959,,,
,Nombre ,,,Altitud media (m.s.n.m.) ,Fundación ,Área (km²) ,Habitantes 1​ ,Código postal urbano2​,,,
Casanare,Aguazul ,290,,290,1953,1480,39 644 ,856010,,,
Casanare,Chámeza ,1100,,1100,1843,316,2 511 ,856030,,,
Casanare,Hato Corozal ,250,,250,1664,5518,12 364 ,852010,,,
Casanare,La Salina ,1400,,1400,1527,226,1 434 ,851010,,,
Casanare,Maní ,187,,187,1685,3860,11 130 ,854010,,,
Casanare,Monterrey ,481,,481,1953,879,15 020 ,855010,,,
Casanare,Nunchía ,398,,398,1655,1171,8 867 ,851070,,,
Casanare,Orocué ,187,,187,1850,4177,8 348 ,853050,,,
Casanare,Paz de Ariporo ,340,,340,1953,13793,26 534 ,852030,,,
Casanare,Pore ,250,,250,1644,780,7 917 ,852050,,,
Casanare,Recetor ,971,,971,1740,173,4 222 ,856050,,,
Casanare,Sabanalarga ,450,,450,1890,269,2 943 ,855050,,,
Casanare,Sácama ,1247,,1247,1538,312,2 034 ,851030,,,
Casanare,San Luis de Palenque ,152,,152,1953,3052,7 810 ,853030,,,
Casanare,Támara ,1156,,1156,1628,1181,7 036 ,851050,,,
Casanare,Tauramena ,460,,460,1887,2607,22 726 ,854030,,,
Casanare,Trinidad ,187,,187,1724,2947,15 100 ,853010,,,
Casanare,Villanueva ,420,,420,1962,825,24 076 ,855030,,,
Casanare,Yopal ,390,,390,1915,2771,142 982 ,850001 850002 ,,,
,Nombre ,,,Cabecera ,Provincia ,Altitud (msnm) ,Temperatura Promedio (°C) ,Área (km²) ,Habitantes ,Año de fundación,
Cauca,Buenos Aires ,1200,,Buenos Aires ,Provincia del Norte ,1200,22 °C ,410 km² ,32 834 ,29 de julio de 1823,
Cauca,Caloto ,1100,,Caloto ,Provincia del Norte ,1100,25 °C ,397,21 km² ,17 680 ,29 de junio de 1543
Cauca,Corinto ,2525,,Corinto ,Provincia del Norte ,2525,,,32 296 ,1867,
Cauca,Guachené ,852,,Guachené ,Provincia del Norte ,852,25 - 28 °C ,392,21 km² ,19 859 ,19 de diciembre de 2006
Cauca,Miranda ,1120,,Miranda ,Provincia del Norte ,1120,,,40 455 ,1899,
Cauca,Padilla ,1000,,Padilla ,Provincia del Norte ,1000,,,7 837 ,1823,
Cauca,Puerto Tejada ,968,,Puerto Tejada ,Provincia del Norte ,968,,,45 840 ,1897,
Cauca,Santander de Quilichao ,1071,,Santander de Quilichao ,Provincia del Norte ,1071,,,95 041 ,1543,
Cauca,Suárez ,1050,,Suárez ,Provincia del Norte ,1050,,,18 610 ,1823,
Cauca,Villa Rica ,982,,Villa Rica ,Provincia del Norte ,982,,,16 397 ,1936,
Cauca,Cajibío ,1765,,Cajibío ,Provincia del Centro ,1765,,,37 848 ,1560,
Cauca,El Tambo ,1750,,El Tambo ,Provincia del Centro ,1750,,,47 674 ,1641,
Cauca,La Sierra ,1633,,La Sierra ,Provincia del Centro ,1633,,,10 626 ,1823,
Cauca,Morales ,1635,,Morales ,Provincia del Centro ,1635,,,26 167 ,1806,
Cauca,Piendamó ,1685,,Piendamó ,Provincia del Centro ,1685,,,43 714 ,1535,
Cauca,Popayán ,1760,,Popayán ,Provincia del Centro ,1760,14/19 °C ,483,1 km² ,280 107 ,13 de enero de 1537
Cauca,Rosas ,1900,,Rosas ,Provincia del Centro ,1900,,,13 386 ,1806,
Cauca,Sotará ,2726,,Paispamba ,Provincia del Centro ,2726,,,17 124 ,1879,
Cauca,Timbío ,1850,,Timbío ,Provincia del Centro ,1850,16 - 23 °C ,205 km² ,34 322 ,1 de noviembre de 1535,
Cauca,Almaguer ,2312,,Almaguer ,Provincia del Sur ,2312,,,21 286 ,1551,
Cauca,Argelia ,1250,,Argelia ,Provincia del Sur ,1250,,,26 976 ,1912,
Cauca,Balboa ,1200,,Balboa ,Provincia del Sur ,1200,,,25 804 ,1912,
Cauca,Bolívar ,1777,,Bolívar ,Provincia del Sur ,1777,,,44 700 ,1794,
Cauca,Florencia ,1500,,Florencia ,Provincia del Sur ,1500,,,6 146 ,1535,
Cauca,La Vega ,2136,,La Vega ,Provincia del Sur ,2136,,,46 080 ,1777,
Cauca,Mercaderes ,1165,,Mercaderes ,Provincia del Sur ,1165,,,18 105 ,1535,
Cauca,Patía ,910,,El Bordo ,Provincia del Sur ,910,,,36 544 ,1824,
Cauca,Piamonte ,1500,,Piamonte ,Provincia del Sur ,1500,,,7 379 ,1959,
Cauca,San Sebastián ,2700,,San Sebastián ,Provincia del Sur ,2700,,,14 054 ,1562,
Cauca,Santa Rosa ,1700,,Santa Rosa ,Provincia del Sur ,1700,,,10 587 ,1593,
Cauca,Sucre ,1140,,Sucre ,Provincia del Sur ,1140,,,8 891 ,1535,
Cauca,Guapi ,6,,Guapi ,Provincia de Occidente ,6,,,29 797 ,1772,
Cauca,López de Micay ,130,,López de Micay ,Provincia de Occidente ,130,,,20 446 ,1910,
Cauca,Timbiquí ,5,,Timbiquí ,Provincia de Occidente ,5,,,21 738 ,1772,
Cauca,Caldono ,1800,,Caldono ,Provincia de Oriente ,1800,,,33 388 ,1730,
Cauca,Inzá ,1591,,Inzá ,Provincia de Oriente ,1591,,,31 252 ,1577,
Cauca,Jambaló ,2507,,Jambaló ,Provincia de Oriente ,2507,,,17 939 ,1770,
Cauca,Páez ,1380,,Belalcázar ,Provincia de Oriente ,1380,,,35 461 ,1907,
Cauca,Puracé - Coconuco ,2850,,Coconuco ,Provincia de Oriente ,2850,,,15 269 ,1840,
Cauca,Silvia ,2800,,Silvia ,Provincia de Oriente ,2800,,,32 315 ,1562,
Cauca,Toribío ,1701,,Toribío ,Provincia de Oriente ,1701,,,29 496 ,1600,
Cauca,Totoró ,2750,,Totoró ,Provincia de Oriente ,2750,,,20 419 ,1815,
,Nombre ,,,Altitud (m.s.n.m.) ,Temperatura Promedio (°C) ,superficie (km²) ,Habitantes1​ ,Año de fundación,,,
Cesar,Valledupar ,169,,169 msnm ,28 °C ,4 493 Municipal, 45.3 Casco urbano km² ,463 218 ,1550,,
Cesar,Aguachica ,162,,162 msnm ,28 °C ,976,26 km² ,93 917 ,1748,,
Cesar,Agustín Codazzi ,131,,131 msnm ,28 °C ,1733,51 km² ,50 450 ,1958,,
Cesar,Bosconia ,117,,117 msnm ,37° °C ,609 km² ,37 870 ,1979,,,
Cesar,Chimichagua ,42,,42 msnm ,35 °C ,1.569 km² ,30 585 ,1748,,,
Cesar,El Copey ,180,,180 msnm ,32 °C ,968,1 km² ,26 587 ,1936,,
Cesar,San Alberto ,125,,125 msnm ,27 °C ,676.10 km ,25 121 ,1955,,,
Cesar,Curumaní ,112,,112 msnm ,20 °C ,931 km² ,24 035 ,1579,,,
Cesar,El Paso ,50,,50 msnm ,30 °C ,823 km² ,23 013 ,1542,,,
Cesar,La Paz ,165,,165 msnm ,28 °C ,1.081 km² ,22 887 ,1775,,,
Cesar,Pueblo Bello ,1200,,1200 msnm ,22 °C ,686 km ,22 837 ,1997,,,
Cesar,La Jagua de Ibirico ,150,,150 msnm ,28 °C ,728,93 km² ,22 311 ,1979,,
Cesar,Chiriguaná ,50,,50 msnm ,28 °C ,1131,59 km² ,19 375 ,1530,,
Cesar,Astrea ,311,,311 msnm ,35 °C ,563,14 km² ,19 255 ,1936,,
Cesar,San Martín ,119,,119 msnm ,24 °C ,789 km² ,18 650 ,1983,,,
Cesar,Pelaya ,50,,50 msnm ,31 °C ,371,3 km² ,18 022 ,1948,,
Cesar,Pailitas ,77,,77 msnm ,30 °C ,512,5 km² ,17 268 ,,1941,
Cesar,Gamarra ,180,,180 msnm ,32 °C ,320 km² ,16 856 ,1878,,,
Cesar,Manaure Balcón del Cesar ,775,,775 msnm ,16 °C ,126,4 km² ,14 855 ,,1875,
Cesar,Río de Oro ,1150,,1150 msnm ,18 a 25 °C ,613,3 km² ,13 994 ,1658,,
Cesar,Tamalameque ,750,,50 - 1501 msnm ,29 °C ,511,311 km² ,13 838 ,1544,,
Cesar,Becerril ,137,,137 msnm ,29° °C ,1.144 km² ,13 388 ,1594,,,
Cesar,San Diego ,180,,180 msnm ,27 °C ,670 km ,13 322 ,1910,,,
Cesar,La Gloria ,750,,50 a 1500 msnm ,28 °C ,736 km² ,12 760 ,1800,,,
Cesar,González ,1450,,1450 msnm ,23 °C ,75,2 km² ,6 789 ,1657,,
,Nombre ,,,,Altitud (m.s.n.m.) ,Temperatura Promedio (°C) ,Área (km²) ,Habitantes (2016) ,Año de fundación,,
Chocó,Acandí ,0,,,0,,,9 505 ,1887,,
Chocó,Alto Baudó ,50,,,50,,,37 706 ,1958,,
Chocó,Atrato ,,,,,,,10 195 ,1997,,
Chocó,Bagadó ,,,,,,,8 016 ,1578,,
Chocó,Bahía Solano ,,,,,,,9 351 ,1935,,
Chocó,Bajo Baudó ,,,,,,,17 507 ,1821,,
Chocó,Bojayá ,,,,,,,10 106 ,1946,,
Chocó,Cértegui ,,,,,,,10 109 ,1775,,
Chocó,Condoto ,,,,,,,14 825 ,1758,,
Chocó,El Cantón de San Pablo ,,,,,,,8 175 ,1994,,
Chocó,El Carmen de Atrato ,,,,,,,14 292 ,1874,,
Chocó,El Carmen del Darién ,,,,,,,5 492 ,1913,,
Chocó,El Litoral de San Juan ,,,,,,,15 619 ,1968,,
Chocó,Istmina ,,,,,,,25 519 ,1834,,
Chocó,Juradó ,,,,,,,3 295 ,1840,,
Chocó,Lloró ,,,,,,,11 284 ,1674,,
Chocó,Medio Atrato ,,,,,,,30 462 ,1999,,
Chocó,Medio Baudó ,,,,,,,13 750 ,1999,,
Chocó,Medio San Juan ,,,,,,,16 684 ,2000,,
Chocó,Nóvita ,,,,,,,7 956 ,1709,,
Chocó,Nuquí ,,,,,,,8 668 ,1917,,
Chocó,Quibdó ,,,,,,,115 937 ,1664,,
Chocó,Río Iró ,,,,,,,9 863 ,2000,,
Chocó,Río Quito ,,,,,,,9 062 ,1801,,
Chocó,Riosucio ,,,,,,,28 877 ,1518,,
Chocó,San José del Palmar ,,,,,,,4 803 ,1938,,
Chocó,Sipí ,,,,,,,4 097 ,1556,,
Chocó,Tadó ,,,,,,,18 979 ,1533,,
Chocó,Unguía ,,,,,,,15 164 ,1908,,
Chocó,Unión Panamericana ,,,,,,,9 748 ,1999,,
,Nombre ,,,,Altitud (m.s.n.m.) ,Temperatura Promedio (°C) ,Área (km²) ,Habitantes (2016) ,Año de fundación,,
Córdoba,Ayapel ,20,,,20,30,2098,52 156 ,1534,,
Córdoba,Buenavista ,60,,,60,35,847,21 915 ,1950,,
Córdoba,Canalete ,25,,,25,32,394,22 036 ,1952,,
Córdoba,Cereté ,15,,,15,34,266,92 304 ,1721,,
Córdoba,Chimá ,15,,,15,33,335,15 165 ,1777,,
Córdoba,Chinú ,103,,,103,32,624,48 841 ,1530,,
Córdoba,Ciénaga de Oro ,13,,,13,34,551,65 471 ,1776,,
Córdoba,Cotorra ,6,,,6,34,89,15 487 ,1997,,
Córdoba,La Apartada ,50,,,50,27,240,15 482 ,1957,,
Córdoba,Los Córdobas ,0,,,0,31,430,24 471 ,1650,,
Córdoba,Momil ,9,,,9,32,152,14 962 ,1776,,
Córdoba,Montelíbano ,44,,,44,32,1820,83 181 ,1907,,
Córdoba,Montería ,18,,,18,28° ,3141,447 716 ,1777,,
Córdoba,Moñitos ,10,,,10,,,27 859 ,1740,,
Córdoba,Planeta Rica ,87,,,87,29° ,1148,67 758 ,1885,,
Córdoba,Pueblo Nuevo ,108,,,108,,,39 334 ,1914,,
Córdoba,Puerto Escondido ,30,,,30,,,30 019 ,1854,,
Córdoba,Puerto Libertador ,66,,,66,29° ,2062,49 179 ,1941,,
Córdoba,Purísima ,,,,,,,15 114 ,1777,,
Córdoba,Sahagún ,75,,,75,27° ,992,90 093 ,1675,,
Córdoba,San Andrés de Sotavento ,,,,,,,43 874 ,1600,,
Córdoba,San Antero ,,,,,,,31 942 ,1647,,
Córdoba,San Bernardo del Viento ,,,,,,,35 160 ,1776,,
Córdoba,San Carlos ,,,,,,,27 486 ,1777,,
Córdoba,San José de Uré ,,,,,,,11 172 ,1849,,
Córdoba,San Pelayo ,,,,,,,44 068 ,1772,,
Córdoba,Santa Cruz de Lorica ,7,,,7,28,1033,119 061 ,1740,,
Córdoba,Tierralta ,51,,,51,28,5025,102 348 ,1909,,
Córdoba,Tuchín ,,,,,,,38 608 ,1826,,
Córdoba,Valencia ,,,,,,,43 956 ,1931,,
,Nombre ,,,,Provincias ,Altitud (m.s.n.m.) ,Temperatura Promedio (C°) ,Área (km²) ,Habitantes1​ ,Código postal urbano2​ ,Fecha de fundación
Cundinamarca,Chocontá ,2689,,,Almeidas ,2689,10° C ,"301,1",25 895 ,250801,6 de septiembre de 1538
Cundinamarca,Machetá ,2094,,,Almeidas ,2094,17° C ,225,6 272 ,250840,11 de julio de 1593
Cundinamarca,Manta ,1924,,,Almeidas ,1924,18° C ,105,4 732 ,250830,24 de julio de 1772
Cundinamarca,Sesquilé ,2595,,,Almeidas ,2595,15° C ,141,14 410 ,- ,12 de octubre de 1600
Cundinamarca,Suesca ,2584,,,Almeidas ,2584,14° C ,177,17 660 ,- ,14 de marzo de 1537
Cundinamarca,Tibirita ,1980,,,Almeidas ,1980,17° C ,57,2 946 ,- ,8 de julio de 1593
Cundinamarca,Villapinzón ,2715,,,Almeidas ,2715,13° C ,249,20 056 ,- ,14 de octubre de 1776
Cundinamarca,Agua de Dios ,380,,,Alto Magdalena ,380,27º c ,84,10 910 ,- ,10 de agosto de 1870
Cundinamarca,Girardot ,289,,,Alto Magdalena ,289,33º c ,129,105 701 ,252431 252432 ,27 de mayo de 1881
Cundinamarca,Guataquí ,255,,,Alto Magdalena ,255,28º c ,87,2 649 ,- ,6 de abril de 1539
Cundinamarca,Jerusalén ,300,,,Alto Magdalena ,300,27º c ,236,2 683 ,- ,12 de agosto de 1868
Cundinamarca,Nariño ,265,,,Alto Magdalena ,265,27º c ,54,2 218 ,- ,31 de marzo de 1838
Cundinamarca,Nilo ,333,,,Alto Magdalena ,333,27º c ,224,18 856 ,- ,5 de marzo de 1783
Cundinamarca,Ricaurte ,282,,,Alto Magdalena ,282,27º c ,130,9 579 ,- ,4 de diciembre de 1857
Cundinamarca,Tocaima ,377,,,Alto Magdalena ,377,28º c ,246,18 501 ,- ,20 de marzo de 1544
Cundinamarca,Caparrapí ,1107,,,Bajo Magdalena ,1107,23º c ,616,16 710 ,- ,9 de agosto de 1560
Cundinamarca,Guaduas ,990,,,Bajo Magdalena ,990,23.5 ,757,39 063 ,- ,20 de abril de 1572
Cundinamarca,Puerto Salgar ,379,,,Bajo Magdalena ,379,30º c ,521,19 009 ,,14 de agosto de 1935
Cundinamarca,Albán ,2242,,,Gualivá ,2242,16º c ,57,5 956 ,,22 de mayo de 1903
Cundinamarca,La Peña ,1010,,,Gualivá ,1010,22º c ,132,7 035 ,- ,27 de noviembre de 1675
Cundinamarca,La Vega ,1167,,,Gualivá ,1167,22º c ,153,14 326 ,- ,12 de junio de 1605
Cundinamarca,Nimaima ,1105,,,Gualivá ,1105,23º c ,59,6 810 ,- ,23 de septiembre de 1604
Cundinamarca,Nocaima ,1106,,,Gualivá ,1106,24º c ,69,8 055 ,- ,8 de junio de 1605
Cundinamarca,Quebradanegra ,1363,,,Gualivá ,1363,19º c ,83,4 745 ,- ,15 de septiembre de 1694
Cundinamarca,San Francisco ,1470,,,Gualivá ,1470,20º c ,118,9 732 ,- ,22 de noviembre de 1857
Cundinamarca,Sasaima ,1185,,,Gualivá ,1185,22º c ,111,10 742 ,- ,3 de junio de 1605
Cundinamarca,Supatá ,1777,,,Gualivá ,1777,18º c ,128,5 033 ,- ,13 de diciembre de 1872
Cundinamarca,Útica ,500,,,Gualivá ,500,26º c ,92,5 016 ,- ,24 de diciembre de 1863
Cundinamarca,Vergara ,1550,,,Gualivá ,1550,20º c ,146,7 684 ,- ,12 de diciembre de 1802
Cundinamarca,Villeta ,800,,,Gualivá ,800,25º c ,141,25 270 ,- ,29 de septiembre de 1551
Cundinamarca,Gachalá ,1712,,,Guavio ,1712,19º c ,448,5 701 ,- ,22 de febrero de 1810
Cundinamarca,Gachetá ,1745,,,Guavio ,1745,20º c ,262,11 163 ,- ,2 de abril de 1593
Cundinamarca,Gama ,2180,,,Guavio ,2180,17º c ,123,4 011 ,- ,8 de mayo de 1903
Cundinamarca,Guasca ,2710,,,Guavio ,2710,13º c ,346,15 003 ,- ,21 de junio de 1600
Cundinamarca,Guatavita ,2680,,,Guavio ,2680,14º c ,247,6 924 ,- ,18 de marzo de 1593
Cundinamarca,Junín ,2300,,,Guavio ,2300,16º c ,337,8 644 ,- ,13 de agosto de 1550
Cundinamarca,La Calera ,2780,,,Guavio ,2780,14º c ,485,27 878 ,- ,16 de diciembre de 1772
Cundinamarca,Ubalá ,1949,,,Guavio ,1949,17º c ,505,10 591 ,- ,23 de octubre de 1846
Cundinamarca,Beltrán ,231,,,Magdalena Centro ,231,27º c ,211,2 228 ,- ,8 de septiembre de 1760
Cundinamarca,Bituima ,1412,,,Magdalena Centro ,1412,23º c ,61,2 508 ,- ,15 de agosto de 1543
Cundinamarca,Chaguaní ,1050,,,Magdalena Centro ,1050,22º c ,142,3 979 ,- ,6 de agosto de 1770
Cundinamarca,Guayabal de Síquima ,1630,,,Magdalena Centro ,1630,19º c ,63,3 644 ,- ,8 de diciembre de 1845
Cundinamarca,Pulí ,1290,,,Magdalena Centro ,1290,28º c ,223,3 007 ,- ,12 de julio de 1800
Cundinamarca,San Juan de Rioseco ,1303,,,Magdalena Centro ,1303,21º c ,323,9 668 ,- ,9 de abril de 1801
Cundinamarca,Vianí ,1489,,,Magdalena Centro ,1489,22º c ,68,4 202 ,- ,11 de noviembre de 1853
Cundinamarca,Medina ,520,,,Medina ,520,25º c ,1915,10 134 ,- ,2 de febrero de 1620
Cundinamarca,Paratebueno ,256,,,Medina ,256,27º c ,883,7 754 ,- ,4 de julio de 1982
Cundinamarca,Cáqueza ,1746,,,Oriente ,1746,21º c ,120,17 129 ,- ,23 de octubre de 1600
Cundinamarca,Chipaque ,2400,,,Oriente ,2400,13º c ,139,8 400 ,- ,2 de octubre de 1600
Cundinamarca,Choachí ,1923,,,Oriente ,1923,18º c ,223,10 680 ,- ,29 de septiembre de 1560
Cundinamarca,Fómeque ,1985,,,Oriente ,1985,18º c ,556,12 234 ,,3 de diciembre de 1593
Cundinamarca,Fosca ,2713,,,Oriente ,2713,14º c ,126,7 630 ,- ,1 de septiembre de 1536
Cundinamarca,Guayabetal ,1270,,,Oriente ,1270,22º c ,142,4 959 ,- ,12 de octubre de 1941
Cundinamarca,Gutiérrez ,2350,,,Oriente ,2350,14º c ,527,4 174 ,- ,16 de noviembre de 1868
Cundinamarca,Quetame ,1496,,,Oriente ,1496,18º c ,138,7 193 ,- ,26 de junio de 1826
Cundinamarca,Ubaque ,1867,,,Oriente ,1867,20º c ,105,6 106 ,- ,1649
Cundinamarca,Une ,2376,,,Oriente ,2376,16º c ,211,9 316 ,- ,23 de febrero de 1538
Cundinamarca,El Peñón ,1310,,,Rionegro ,1310,21º c ,132,4 807 ,- ,22 de septiembre de 1800
Cundinamarca,La Palma ,1462,,,Rionegro ,1462,21º c ,191,10 824 ,- ,19 de noviembre de 1561
Cundinamarca,Pacho ,2136,,,Rionegro ,2136,19º c ,403,27 388 ,- ,25 de agosto de 1604
Cundinamarca,Paime ,960,,,Rionegro ,960,23º c ,171,4 407 ,- ,28 de septiembre de 1617
Cundinamarca,San Cayetano ,2700,,,Rionegro ,2700,12º c ,303,5 348 ,- ,8 de diciembre de 1883
Cundinamarca,Topaipí ,1323,,,Rionegro ,1323,18º c ,150,4 513 ,- ,2 de febrero de 1928
Cundinamarca,Villagómez ,1575,,,Rionegro ,1575,20º c ,65,2 176 ,,11 de junio de 1942
Cundinamarca,Yacopí ,2000,,,Rionegro ,2000,24º c ,1138,17 010 ,,1666
Cundinamarca,Cajicá ,2558,,,Sabana Centro ,2558,14º c ,51,58 036 ,- ,5 de marzo de 1598
Cundinamarca,Chía ,2600,,,Sabana Centro ,2600,14º c ,76,129 652 ,250001 250002 ,1538
Cundinamarca,Cogua ,2600,,,Sabana Centro ,2600,14º c ,113,22 786 ,- ,23 de agosto de 1604
Cundinamarca,Cota ,2566,,,Sabana Centro y Occidente ,2566,14º c ,106,25 432 ,- ,29 de noviembre de 1604
Cundinamarca,Gachancipá ,2568,,,Sabana Centro ,2568,12º c ,44,14 831 ,- ,5 de septiembre de 1612
Cundinamarca,Nemocón ,2585,,,Sabana Centro ,2585,13º c ,194,13 707 ,- ,26 de julio de 1600
Cundinamarca,Sopó ,2650,,,Sabana Centro ,2650,14º c ,111,27 339 ,- ,25 de mayo de 1653
Cundinamarca,Tabio ,2569,,,Sabana Centro y Occidente ,2569,14º c ,74,27 702 ,- ,8 de abril de 1603
Cundinamarca,Tenjo ,2587,,,Sabana Centro y Occidente ,2587,13º c ,108,19 963 ,- ,13 de abril de 1603
Cundinamarca,Tocancipá ,2605,,,Sabana Centro ,2605,16º c ,73,32 821 ,- ,21 de septiembre de 1593
Cundinamarca,Zipaquirá ,2652,,,Sabana Centro ,2652,12°C ,197,124 376 ,250251 250252 ,Precolombina
Cundinamarca,Bojacá ,2598,,,Sabana Occidente ,2598,14º c ,109,11 845 ,- ,16 de octubre de 1537
Cundinamarca,El Rosal ,2685,,,Sabana Occidente ,2685,12º c ,86,17 648 ,- ,28 de marzo de 1903
Cundinamarca,Facatativá ,2586,,,Sabana Occidente ,2586,19º c ,158,134 522 ,253051 253052 ,3 de julio de 1600
Cundinamarca,Funza ,2548,,,Sabana Occidente ,2548,14º c ,70,76 742 ,250020,20 de abril de 1537
Cundinamarca,Madrid ,2554,,,Sabana Occidente ,2554,14º c ,120,79 120 ,250030,7 de junio de 1559
Cundinamarca,Mosquera ,2516,,,Sabana Occidente ,2516,14º c ,107,84 841 ,- ,27 de septiembre de 1861
Cundinamarca,Subachoque ,2663,,,Sabana Occidente ,2663,13º c ,212,16 435 ,- ,16 de marzo de 1774
Cundinamarca,Zipacón ,2500,,,Sabana Occidente ,2500,16º c ,70,5 631 ,- ,5 de julio de 1561
Cundinamarca,Sibaté ,2700,,,Soacha ,2700,14º c ,126,39 117 ,,24 de noviembre de 1967
Cundinamarca,Soacha ,2566,,,Soacha ,2566,14 ºC ,184,522 442 ,250051-250055 ,15 de agosto de 1600
Cundinamarca,Arbeláez ,1417,,,Sumapaz ,1417,20º c ,152,12 330 ,- ,16 de enero de 1886
Cundinamarca,Cabrera ,2560,,,Sumapaz ,2560,15º c ,449,4 478 ,- ,31 de agosto de 1910
Cundinamarca,Fusagasugá ,1728,,,Sumapaz ,1728,21º c ,239,137 164 ,252211 252212 ,1592
Cundinamarca,Granada ,2500,,,Sumapaz ,2500,11º c ,61,8 877 ,- ,10 de agosto de 1995
Cundinamarca,Pandi ,1024,,,Sumapaz ,1024,24º c ,67,5 676 ,- ,15 de julio de 1793
Cundinamarca,Pasca ,2180,,,Sumapaz ,2180,15º c ,264,12 271 ,- ,15 de julio de 1537
Cundinamarca,San Bernardo ,1600,,,Sumapaz ,1600,20º c ,249,10 705 ,- ,3 de mayo de 1927
Cundinamarca,Silvania ,1470,,,Sumapaz ,1470,20º c ,163,22 020 ,- ,21 de febrero de 1935
Cundinamarca,Tibacuy ,1647,,,Sumapaz ,1647,19º c ,84,4 831 ,- ,13 de febrero de 1592
Cundinamarca,Venecia ,1600,,,Sumapaz ,1600,18º c ,121,4 070 ,- ,5 de septiembre de 1951
Cundinamarca,Anapoima ,710,,,Tequendama ,710,26º c ,124,13 514 ,- ,10 de agosto de 1627
Cundinamarca,Anolaima ,1657,,,Tequendama ,1657,21º c ,119,12 210 ,- ,1538
Cundinamarca,Apulo ,420,,,Tequendama ,420,27º c ,127,7 812 ,- ,5 de enero de 1544
Cundinamarca,Cachipay ,1600,,,Tequendama ,1600,20º c ,56,9 811 ,- ,26 de noviembre de 1982
Cundinamarca,El Colegio ,990,,,Tequendama ,990,24º c ,117,21 949 ,- ,20 de septiembre de 1653
Cundinamarca,La Mesa ,1200,,,Tequendama ,1200,22º c ,148,31 823 ,- ,12 de marzo de 1777
Cundinamarca,Quipile ,2012,,,Tequendama ,2012,20º c ,128,8 168 ,- ,12 de noviembre de 1825
Cundinamarca,San Antonio del Tequendama ,1540,,,Tequendama ,1540,18º c ,82,13 148 ,- ,10 de febrero de 1857
Cundinamarca,Tena ,1384,,,Tequendama ,1384,22º c ,55,9 083 ,- ,11 de diciembre de 1607
Cundinamarca,Viotá ,567,,,Tequendama ,567,25º c ,208,13 342 ,- ,27 de marzo de 1777
Cundinamarca,Carmen de Carupa ,2600,,,Ubaté ,2600,12º c ,228,9 191 ,- ,20 de julio de 1808
Cundinamarca,Cucunubá ,2590,,,Ubaté ,2590,14º c ,112,7 521 ,- ,2 de agosto de 1600
Cundinamarca,Fúquene ,2750,,,Ubaté ,2750,13º c ,90,5 669 ,- ,6 de noviembre de 1638
Cundinamarca,Guachetá ,2688,,,Ubaté ,2688,13º c ,177,11 372 ,- ,12 de marzo de 1537
Cundinamarca,Lenguazaque ,2589,,,Ubaté ,2589,14º c ,160,10 305 ,- ,13 de marzo de 1537
Cundinamarca,Simijaca ,2559,,,Ubaté ,2559,14º c ,107,13 295 ,- ,14 de agosto de 1600
Cundinamarca,Susa ,2655,,,Ubaté ,2655,14º c ,86,12 592 ,- ,21 de febrero de 1600
Cundinamarca,Sutatausa ,2550,,,Ubaté ,2550,14º c ,67,5 643 ,- ,24 de junio de 1557
Cundinamarca,Tausa ,2950,,,Ubaté ,2950,12º c ,204,8 905 ,- ,2 de agosto de 1600
Cundinamarca,Ubaté ,2556,,,Ubaté ,2556,13º c ,102,39 018 ,- ,12 de abril de 1592 
,Nombre ,,,,Tipo ,Altitud (m.s.n.m.) ,Temperatura Promedio (°C) ,Área (km²) ,Habitantes ,Año de fundación,
Guainía,Barrancominas ,111,,,Municipio ,111,,,7 719 ,2019,
Guainía,Inírida ,95,,,Municipio ,95,,,19 983 ,1963,
,Nombre ,,,,Altitud (m.s.n.m.) ,Temperatura Promedio (°C) ,Área (km²) ,Habitantes ,Año de fundación ,Código postal urbano1​,
Guaviare,Calamar ,200,,,200,28,14300,8 876 ,1989,953001,
Guaviare,El Retorno ,245,,,245,25,11681,23 364 ,1968,951001,
Guaviare,Miraflores ,180,,,180,28,12914,14 770 ,1992,952001,
Guaviare,San José del Guaviare ,175,,,175,28,16654,65 611 ,1976,950001,
,Nombre ,,,,Subregión ,Altitud (m.s.n.m.) ,Temperatura Promedio (°C) ,Área (km²) ,Habitantes ,Año de fundación,
Huila,Aipe ,390,,,Subnorte ,390,28.4 ,802,26 933 ,1872,
Huila,Algeciras ,1900,,,Subnorte ,1900,25,570,24 566 ,1898,
Huila,Baraya ,615,,,Subnorte ,615,25.3 ,750,9 654 ,1814,
Huila,Campoalegre ,525,,,Subnorte ,525,27,661,34 472 ,1809,
Huila,Colombia ,850,,,Subnorte ,850,24,1698,12 530 ,1845,
Huila,Hobo ,662,,,Subnorte ,662,25,217,6 963 ,1663,
Huila,Íquira ,1400,,,Subnorte ,1400,22,532,12 959 ,1694,
Huila,Neiva ,442,,,Subnorte ,442,27,1553,344 130 ,1612,
Huila,Palermo ,550,,,Subnorte ,550,26.2 ,923,33 248 ,1774,
Huila,Rivera ,720,,,Subnorte ,720,25,435,18 992 ,1888,
Huila,Santa María ,1320,,,Subnorte ,1320,20.8 ,314,11 453 ,1923,
Huila,Tello ,580,,,Subnorte ,580,26,558,14 274 ,1811,
Huila,Teruel ,910,,,Subnorte ,910,23,499,8 787 ,1656,
Huila,Villavieja ,384,,,Subnorte ,384,28.6 ,670,7 311 ,1550,
Huila,Yaguará ,650,,,Subnorte ,650,26,329,9 063 ,1623,
Huila,Agrado ,838,,,Subcentro ,838,24,222,9 111 ,1753,
Huila,Altamira ,1079,,,Subcentro ,1079,23,188,4 377 ,1855,
Huila,Garzón ,828,,,Subcentro ,828,24,580,90 187 ,1783,
Huila,Gigante ,860,,,Subcentro ,860,24,626,33 871 ,1750,
Huila,Guadalupe ,1500,,,Subcentro ,1500,21,254,21 657 ,1715,
Huila,Pital ,921,,,Subcentro ,921,23,20291,13 776 ,1664,
Huila,Suaza ,990,,,Subcentro ,990,23,336,19 486 ,1842,
Huila,Tarqui ,826,,,Subcentro ,826,25,3080,17 763 ,1787,
Huila,La Argentina ,1560,,,Suboccidente ,1560,18,326,14 271 ,1884,
Huila,La Plata ,1271,,,Suboccidente ,1271,23,1271,63 817 ,1651,
Huila,Nátaga ,1418,,,Suboccidente ,1418,20,133,6 387 ,1652,
Huila,Paicol ,855,,,Suboccidente ,855,24,298,5 606 ,1701,
Huila,Tesalia ,830,,,Suboccidente ,830,26,373.68 ,9 280 ,1775,
Huila,Acevedo ,1348,,,Subsur ,1348,22,612,33 613 ,1756,
Huila,Elías ,1192,,,Subsur ,1192,20,72,3 988 ,1830,
Huila,Isnos ,2075,,,Subsur ,2075,18,361,27 485 ,1653,
Huila,Oporapa ,1250,,,Subsur ,1250,22,188,13 826 ,1860,
Huila,Palestina ,1461,,,Subsur ,1461,19,224,11 692 ,1860,
Huila,Pitalito ,1318,,,Subsur ,1318,20,591,128 251 ,1818,
Huila,Saladoblanco ,1281,,,Subsur ,1281,19,290,11 580 ,1626,
Huila,San Agustín ,1730,,,Subsur ,1730,18,1310,33 201 ,1790,
Huila,Timaná ,1100,,,Subsur ,1100,24,182.5 ,20 350 ,1538,
,Nombre ,,,,Altitud (m.s.n.m.) ,Temperatura Promedio (°C) ,Área (km²) ,Habitantes ,Año de fundación,,
Guajira,Albania ,80,,,80,32,425,27 102 ,2000,,
Guajira,Barrancas ,40,,,40,28,742,35 393 ,1664,,
Guajira,Dibulla ,1,,,1,30,1633,34 188 ,1525,,
Guajira,Distracción ,65,,,65,28,232,16 140 ,1845,,
Guajira,El Molino ,240,,,240,25,190,8 837 ,1610,,
Guajira,Fonseca ,11,,,11,28,662,33 785 ,1896,,
Guajira,Hatonuevo ,50,,,50,30,249,25 832 ,1840,,
Guajira,La Jagua del Pilar ,300,,,300,28,267,3 253 ,1998,,
Guajira,Maicao ,50,,,50,30,1782,159 675 ,1926,,
Guajira,Manaure ,3,,,3,16,1971,108 006 ,1723,,
Guajira,Riohacha ,1,,,1,30,3120,268 758 ,1545,,
Guajira,San Juan del Cesar ,123,,,123,35,1215,37 827 ,1701,,
Guajira,Uribia ,10,,,10,32,8200,180 385 ,1935,,
Guajira,Urumita ,280,,,280,36,329,18 352 ,1785,,
Guajira,Villanueva ,250,,,250,25,265,27 965 ,1662,,
,Nombre ,,,,Cabecera 1​ ,Altitud (m.s.n.m.) ,Temperatura Promedio (°C) ,Área (km²) ,Habitantes ,Año de fundación,
Magdalena,Algarrobo ,45,,,Algarrobo ,45,28,403,12 647 ,1825,
Magdalena,Aracataca ,40,,,Aracataca ,40,28,1775,39 924 ,1885,
Magdalena,Ariguaní ,170,,,El Difícil ,170,"28,3",1132,32 288 ,1905,
Magdalena,Cerro de San Antonio ,11,,,Cerro de San Antonio ,11,29,184,7 815 ,1750,
Magdalena,Chibolo ,24,,,Chibolo ,24,28,528,15 908 ,1820,
Magdalena,Ciénaga ,3,,,Ciénaga ,3,28,1812,104 601 ,1538,
Magdalena,Concordia ,15,,,Concordia ,15,30,110,9 338 ,1999,
Magdalena,El Banco ,25,,,El Banco ,25,30,816,55 662 ,1680,
Magdalena,El Piñón ,7,,,El Piñón ,7,28,581,16 742 ,1770,
Magdalena,El Retén ,22,,,El Retén ,22,28,274,21 228 ,1913,
Magdalena,Fundación ,45,,,Fundación ,45,32,931,57 397 ,1906,
Magdalena,Guamal ,20,,,Guamal ,20,28,554,27 508 ,1747,
Magdalena,Nueva Granada ,20,,,Nueva Granada ,20,33,1120,20 213 ,1885,
Magdalena,Pedraza ,39,,,Pedraza ,39,33,1698,8 079 ,1908,
Magdalena,Pijiño del Carmen ,3,,,Pijiño del Carmen ,3,28,1636,15 959 ,1750,
Magdalena,Pivijay ,3,,,Pivijay ,3,35,1636,33 753 ,1774,
Magdalena,Plato ,20,,,Plato ,20,28,1504,58 822 ,1626,
Magdalena,Pueblo Viejo ,2,,,Pueblo Viejo ,2,28,691,31 068 ,1526,
Magdalena,Remolino ,7,,,Remolino ,7,28,611,8 095 ,1752,
Magdalena,Sabanas de San Ángel ,45,,,Sabanas de San Ángel ,45,30,1195,17 088 ,1600,
Magdalena,Salamina ,6,,,Salamina ,6,28,175,6 985 ,1762,
Magdalena,San Sebastián de Buenavista ,20,,,San Sebastián de Buenavista ,20,28,413,17 510 ,1748,
Magdalena,Santa Ana ,25,,,Santa Ana ,25,28° ,1120,26 257 ,1751,
Magdalena,Santa Bárbara de Pinto ,20,,,Santa Bárbara de Pinto ,20,28,497,12 773 ,1750,
Magdalena,Santa Marta ,3,,,Santa Marta ,3,27° ,2448,491 387 ,1525,
Magdalena,San Zenón ,25,,,San Zenón ,25,28,238,9 130 ,1751,
Magdalena,Sitionuevo ,5,,,Sitionuevo ,5,30,491,32 089 ,1550,
Magdalena,Tenerife ,20,,,Tenerife ,20,33,481,12 230 ,1536,
Magdalena,Zapayán ,20,,,Punta de Piedras ,20,28,353,8 841 ,1800,
Magdalena,Zona Bananera ,2,,,Prado Sevilla ,2,34,446,60 941 ,1915,
,Nombre ,,,,Región ,Altitud (m.s.n.m.) ,Temperatura Promedio (°C) ,Área (km²) ,Habitantes ,Año de fundación,
Meta,Acacías ,498,,,Piedemonte ,498,25,1119,70 469 ,1920,
Meta,Barranca de Upía ,200,,,Piedemonte ,200,29,315,4 007 ,1536,
Meta,Cabuyaro ,180,,,Piedemonte ,180,30,884,4 048 ,1700,
Meta,Castilla La Nueva ,400,,,Río Meta ,400,26,503,9 899 ,1925,
Meta,Cubarral ,534,,,Piedemonte ,534,"25,5",1308,6 030 ,1960,
Meta,Cumaral ,452,,,Piedemonte ,452,21,580,18 150 ,1901,
Meta,El Calvario ,1850,,,Piedemonte ,1850,18,200,2 236 ,1911,
Meta,El Castillo ,490,,,Ariari ,490,28,693,6 301 ,1954,
Meta,El Dorado ,550,,,Ariari ,550,27,115,3 437 ,1963,
Meta,Fuente de Oro ,359,,,Ariari ,359,26,628,13 472 ,1961,
Meta,Granada ,410,,,Ariari ,410,26,350,63 451 ,1956,
Meta,Guamal ,525,,,Piedemonte ,525,"17,9",785,9 403 ,1956,
Meta,La Macarena ,233,,,Ariari ,233,25,11229,33 812 ,1980,
Meta,La Uribe ,835,,,Ariari ,835,25,6037,16 539 ,1865,
Meta,Lejanías ,611,,,Ariari ,611,26,852,9 374 ,1958,
Meta,Mapiripán ,250,,,Ariari ,250,"26,5",11400,17 661 ,1989,
Meta,Mesetas ,637,,,Ariari ,637,27,1980,11 354 ,1959,
Meta,Puerto Concordia ,301,,,Ariari ,301,"25,5",1298,21 442 ,1989,
Meta,Puerto Gaitán ,149,,,Río Meta ,149,28,17499,18 678 ,1932,
Meta,Puerto Lleras ,450,,,Ariari ,450,"26,5",2410,9 708 ,1965,
Meta,Puerto López ,365,,,Río Meta ,365,26,6740,33 854 ,1935,
Meta,Puerto Rico ,210,,,Ariari ,210,35,3431,18 701 ,1985,
Meta,Restrepo ,570,,,Piedemonte ,570,"24,2",434,10 628 ,1905,
Meta,San Carlos de Guaroa ,350,,,Piedemonte ,350,30,811,9 938 ,1954,
Meta,San Juan de Arama ,510,,,Ariari ,510,26,1163,8 800 ,1537,
Meta,San Juanito ,1750,,,Piedemonte ,1750,"17,9",162,2 191 ,1913,
Meta,San Martín ,405,,,Río Meta ,405,27,5959,24 992 ,1585,
Meta,Villavicencio ,467,,,Capital ,467,27,1313,495 200 ,1840,
Meta,Vista Hermosa ,460,,,Ariari ,460,28,4084,25 908 ,1969,
,Nombre ,,,,Provincia ,Área (km2) ,Población (2018)1​ ,Cabecera municipal ,Población de la cabecera (2018)Error en la cita: La etiqueta de apertura <ref> es incorrecta o tiene el nombre mal ,Altitud (m s. n. m.) ,Año de fundación
Nariño,Barbacoas ,36,,,Tumaco-Barbacoas ,2 324 ,40 429 ,Barbacoas ,17 408 ,36,1600
Nariño,El Charco ,2,,,Tumaco-Barbacoas ,2 485 ,41 042 ,El Charco ,11 253 ,2,1886
Nariño,Francisco Pizarro ,123,,,Tumaco-Barbacoas ,640,16 461 ,Salahonda ,8 438 ,123,1526
Nariño,La Tola ,20,,,Tumaco-Barbacoas ,459,14 230 ,La Tola ,10 695 ,20,1902
Nariño,Magüí Payán ,40,,,Tumaco-Barbacoas ,1 745 ,24 610 ,Payán ,5 098 ,40,1871
Nariño,Mosquera ,1,,,Tumaco-Barbacoas ,678,17 783 ,Mosquera ,6 432 ,1,1824
Nariño,Olaya Herrera ,20,,,Tumaco-Barbacoas ,990,32 379 ,Bocas de Satinga ,10 241 ,20,
Nariño,Roberto Payán ,20,,,Tumaco-Barbacoas ,1 342 ,24 695 ,San José ,1 358 ,20,1730
Nariño,Santa Bárbara ,38,,,Tumaco-Barbacoas ,1 232 ,14 559 ,Iscuandé ,3 027 ,38,1600
Nariño,Tumaco ,2,,,Tumaco-Barbacoas ,3 778 ,212 692 ,San Andrés de Tumaco ,120 569 ,2,1640
Nariño,Aldana ,3013,,,Obando ,65,5 855 ,Aldana ,1 196 ,3013,1728
Nariño,Contadero ,2475,,,Obando ,45,7 035 ,Contadero ,2 414 ,2475,1869
Nariño,Córdoba ,2867,,,Obando ,282,14 091 ,Córdoba ,2 396 ,2867,1632
Nariño,Cuaspud ,3050,,,Obando ,48,8 727 ,Carlosama ,2 435 ,3050,1600
Nariño,Cumbal ,3050,,,Obando ,677,39 791 ,Cumbal ,8 977 ,3050,1529
Nariño,Funes ,2380,,,Obando ,407,6 354 ,Funes ,1 896 ,2380,1616
Nariño,Guachucal ,3180,,,Obando ,159,15 269 ,Guachucal ,2 934 ,3180,1535
Nariño,Gualmatán ,2830,,,Obando ,35,5 782 ,Gualmatán ,2 251 ,2830,1611
Nariño,Iles ,2985,,,Obando ,82,8 956 ,Iles ,2 002 ,2985,1711
Nariño,Ipiales ,2898,,,Obando ,1 707 ,148 297 ,Ipiales ,109 080 ,2898,1539
Nariño,Potosí ,2796,,,Obando ,288,11 830 ,Potosí ,2 150 ,2796,
Nariño,Puerres ,2817,,,Obando ,359,8 186 ,Puerres ,3 077 ,2817,1825
Nariño,Pupiales ,3014,,,Obando ,135,19 621 ,Pupiales ,6 169 ,3014,1536
Nariño,Albán ,1971,,,Juanambú ,83,22 999 ,San José ,8 496 ,1971,1573
Nariño,Arboleda ,2170,,,Juanambú ,63,7 573 ,Berruecos ,1 156 ,2170,1859
Nariño,Belén ,2450,,,Juanambú ,48,7 801 ,Belén ,2 999 ,2450,1837
Nariño,Colón ,1914,,,Juanambú ,82,10 238 ,Génova ,1 666 ,1914,1905
Nariño,El Rosario ,1 536 ,,,Juanambú ,566,9 801 ,El Rosario ,3 310 ,1 536 ,1815
Nariño,El Tablón de Gómez ,1 350 ,,,Juanambú ,255,12 388 ,El Tablón de Gómez ,909,1 350 ,
Nariño,La Cruz ,2 370 ,,,Juanambú ,237,18 292 ,La Cruz ,6 676 ,2 370 ,1535
Nariño,La Unión ,1 745 ,,,Juanambú ,147,25 483 ,La Unión ,10 828 ,1 745 ,1847
Nariño,Leiva ,1 416 ,,,Juanambú ,316,14 463 ,Leiva ,4 724 ,1 416 ,1901
Nariño,Policarpa ,1000,,,Juanambú ,467,17 783 ,Policarpa ,3 229 ,1000,1592
Nariño,San Bernardo ,2259,,,Juanambú ,70,20 908 ,San Bernardo ,4 538 ,2259,1870
Nariño,San Lorenzo ,2150,,,Juanambú ,267,20 283 ,San Lorenzo ,2 942 ,2150,1810
Nariño,San Pablo ,1700,,,Juanambú ,108,17 217 ,San Pablo ,4 039 ,1700,1763
Nariño,San Pedro de Cartago ,2320,,,Juanambú ,60,7 657 ,San Pedro de Cartago ,763,2320,1635
Nariño,Taminango ,1465,,,Juanambú ,245,21 629 ,Taminango ,5 443 ,1465,1704
Nariño,Buesaco ,1 959 ,,,Pasto ,682,25 947 ,Buesaco ,6 510 ,1 959 ,1618
Nariño,Chachagüí ,1 950 ,,,Pasto ,148,14 045 ,Chachagüí ,7 336 ,1 950 ,1574
Nariño,Consacá ,1 663 ,,,Pasto ,132,9 099 ,Consacá ,1 811 ,1 663 ,1620
Nariño,El Peñol ,2 000 ,,,Pasto ,121,6 383 ,El Peñol ,1 047 ,2 000 ,1627
Nariño,El Tambo ,2 250 ,,,Pasto ,282,11 720 ,El Tambo ,5 299 ,2 250 ,1573
Nariño,La Florida ,2 077 ,,,Pasto ,143,9 297 ,La Florida ,1 803 ,2 077 ,1820
Nariño,Nariño ,2 467 ,,,Pasto ,50,5 074 ,Nariño ,3 848 ,2 467 ,1879
Nariño,Pasto ,2 527 ,,,Pasto ,1 131 ,455 863 ,San Juan de Pasto ,381 629 ,2 527 ,1537
Nariño,Sandoná ,1 848 ,,,Pasto ,101,25 746 ,Sandoná ,12 071 ,1 848 ,1868
Nariño,Tangua ,2 403 ,,,Pasto ,239,9 252 ,Tangua ,2 347 ,2 403 ,1840
Nariño,Yacuanquer ,2 670 ,,,Pasto ,115,11 254 ,Yacuanquer ,2 920 ,2 670 ,1539
Nariño,Ancuya ,1400,,,Túquerres ,73,6 572 ,Ancuya ,1 663 ,1400,1534
Nariño,Cumbitara ,1722,,,Túquerres ,365,16 598 ,Cumbitara ,1 923 ,1722,1897
Nariño,Guaitarilla ,2635,,,Túquerres ,131,11 508 ,Guaitarilla ,4 276 ,2635,1892
Nariño,Imués ,2560,,,Túquerres ,86,5 902 ,Imués ,553,2560,1572
Nariño,La Llanada ,2300,,,Túquerres ,265,5 563 ,La Llanada ,1 806 ,2300,
Nariño,Linares ,1705,,,Túquerres ,115,9 525 ,Linares ,2 425 ,1705,1868
Nariño,Los Andes ,1588,,,Túquerres ,907,20 494 ,Sotomayor ,8 274 ,1588,1845
Nariño,Mallama ,1809,,,Túquerres ,531,7 332 ,Piedrancha ,1 180 ,1809,1646
Nariño,Ospina ,2850,,,Túquerres ,66,8 834 ,Ospina ,2 585 ,2850,1664
Nariño,Providencia ,2 514 ,,,Túquerres ,44,13 711 ,Providencia ,5 774 ,2 514 ,1750
Nariño,Ricaurte ,1810,,,Túquerres ,1 211 ,19 930 ,Ricaurte ,2 655 ,1810,1880
Nariño,Samaniego ,1470,,,Túquerres ,765,49 270 ,Samaniego ,18 635 ,1470,1837
Nariño,Santacruz ,2489,,,Túquerres ,555,30 900 ,Guachavés ,7 164 ,2489,1611
Nariño,Sapuyes ,2900,,,Túquerres ,133,6 017 ,Sapuyes ,1 368 ,2900,1536
Nariño,Túquerres ,3104,,,Túquerres ,227,40 276 ,Túquerres ,17 609 ,3104,1537
,Escudo ,Nombre ,Región ,Altitud (m.s.n.m.) ,Temperatura Promedio (°C) ,Área (km²) ,Habitantes (2016) ,Fecha de fundación,,,
Norte de Santander,Arboledas ,,Centro ,946,22,- ,8 972 ,1756,,,
Norte de Santander,Cucutilla ,,Centro ,1277,21,- ,7 625 ,1780,,,
Norte de Santander,Gramalote ,,Centro ,1040,23,147,5 512 ,27 de noviembre de 1857 (162 años),,,
Norte de Santander,Lourdes ,,Centro ,1411,19.5 ,- ,3 362 ,1905,,,
Norte de Santander,Salazar de Las Palmas ,,Centro ,845,23,- ,8 942 ,1561,,,
Norte de Santander,Santiago ,,Centro ,450,25,- ,2 844 ,1742,,,
Norte de Santander,Villa Caro ,,Centro ,1600,19,- ,5 204 ,1869,,,
Norte de Santander,Cúcuta ,,Metropolitana ,320,28,1176,656 414 ,17 de junio de 1733 (286 años),,,
Norte de Santander,El Zulia ,,Metropolitana ,220,27,- ,23 107 ,1750,,,
Norte de Santander,Los Patios ,,Metropolitana ,410,27,133,77 477 ,1815,,,
Norte de Santander,Puerto Santander ,,Metropolitana ,60,28,42,10 421 ,1926,,,
Norte de Santander,San Cayetano ,,Metropolitana ,235,27,144,5 537 ,1773,,,
Norte de Santander,Villa del Rosario ,,Metropolitana ,,,- ,90 515 ,1761,,,
Norte de Santander,Bucarasica ,,Norte ,,,- ,4 570 ,1870,,,
Norte de Santander,El Tarra ,,Norte ,,,- ,10 974 ,1943,,,
Norte de Santander,Sardinata ,,Norte ,,,- ,22 620 ,1876,,,
Norte de Santander,Tibú ,,Norte ,,,- ,36 708 ,1945,,,
Norte de Santander,Ábrego ,,Occidente ,,,- ,38 363 ,1810,,,
Norte de Santander,Cáchira ,,Occidente ,,,- ,11 008 ,1811,,,
Norte de Santander,Convención ,,Occidente ,,,- ,13 296 ,1829,,,
Norte de Santander,El Carmen ,,Occidente ,,,- ,13 790 ,1686,,,
Norte de Santander,Hacarí ,,Occidente ,,,- ,10 722 ,1780,,,
Norte de Santander,La Esperanza ,,Occidente ,,,- ,12 123 ,1811,,,
Norte de Santander,La Playa de Belén ,,Occidente ,1433,,- ,8 553 ,1862,,,
Norte de Santander,Ocaña ,,Occidente ,1200,22,460,98 992 ,14 de diciembre de 1570 (449 años),,,
Norte de Santander,San Calixto ,,Occidente ,,,- ,13 631 ,1602,,,
Norte de Santander,Teorama ,,Occidente ,,,- ,21 978 ,1779,,,
Norte de Santander,Cácota ,,Sur-occidente ,,,- ,1 873 ,1760,,,
Norte de Santander,Chitagá ,,Sur-occidente ,,,- ,10 391 ,1804,,,
Norte de Santander,Mutiscua ,,Sur-occidente ,,,- ,3 747 ,1841,,,
Norte de Santander,Pamplona ,,Sur-occidente ,,,- ,57 803 ,1549,,,
Norte de Santander,Pamplonita ,,Sur-occidente ,,,- ,4 945 ,1550,,,
Norte de Santander,Santo Domingo de Silos ,,Sur-occidente ,,,- ,4 366 ,1531,,,
Norte de Santander,Bochalema ,,Sur-oriente ,,,- ,7 020 ,1759,,,
Norte de Santander,Chinácota ,,Sur-oriente ,,,- ,16 513 ,1535,,,
Norte de Santander,Durania ,,Sur-oriente ,,,- ,3 735 ,1890,,,
Norte de Santander,Herrán ,,Sur-oriente ,,,- ,4 006 ,1860,,,
Norte de Santander,Labateca ,,Sur-oriente ,,,- ,5 876 ,1620,,,
Norte de Santander,Ragonvalia ,,Sur-oriente ,,,- ,6 897 ,1877,,,
Norte de Santander,Toledo ,,Sur-oriente ,,,- ,17 284 ,1795,,,
,Nombre ,,,Sub región ,Área (km2) ,Población (2018) ,Cabecera municipal ,Población de la cabecera (2018) ,Altitud (m.s.n.m.) ,Año de fundación,
Putumayo,Colón ,2 215 ,,Alto Putumayo ,77,5 651 ,Colón ,3 403 ,2 215 ,1916,
Putumayo,Mocoa ,604,,Medio Putumayo ,1 030 ,44 631 ,Mocoa ,37 078 ,604,1563,
Putumayo,Orito ,310,,Bajo Putumayo ,2 026 ,56 365 ,Orito ,26 017 ,310,1963,
Putumayo,Puerto Asís ,250,,Bajo Putumayo ,2 610 ,62 232 ,Puerto Asís ,34 807 ,250,1912,
Putumayo,Puerto Caicedo ,230,,Bajo Putumayo ,864,14 729 ,Puerto Caicedo ,5 400 ,230,1921,
Putumayo,Puerto Guzmán ,557,,Medio Putumayo ,4 340 ,24 169 ,Puerto Guzmán ,5 067 ,557,1975,
Putumayo,Puerto Leguízamo ,177,,Bajo Putumayo ,11 640 ,15 380 ,Puerto Leguízamo ,9 708 ,177,1922,
Putumayo,San Francisco ,2 179 ,,Alto Putumayo ,480,7 190 ,San Francisco ,4 271 ,2 179 ,1902,
Putumayo,San Miguel ,380,,Bajo Putumayo ,361,28 329 ,La Dorada ,6 209 ,380,,
Putumayo,Santiago ,2 150 ,,Alto Putumayo ,445,10 776 ,Santiago ,4 573 ,2 150 ,1535,
Putumayo,Sibundoy ,2 055 ,,Alto Putumayo ,64,14 396 ,Sibundoy ,10 533 ,2 055 ,1535,
Putumayo,Valle del Guamuez ,280,,Bajo Putumayo ,873,53 649 ,La Hormiga ,20 874 ,280,1954,
Putumayo,Villagarzón ,426,,Medio Putumayo ,1 250 ,21 399 ,Villagarzón ,11 383 ,426,1946,
,Nombre ,,,Altitud (m.s.n.m.) ,Temperatura Promedio (°C) ,Superficie (km2) ,Habitantes ,Fundación,,,
Quindío,Armenia ,1551,,1551,19.5 ,250,298 197 ,1889,,,
Quindío,Buenavista ,1447,,1447,19.5 ,41.12 ,2 807 ,1934,,,
Quindío,Calarcá ,1536,,1536,20,"219,23",77 988 ,1882,,,
Quindío,Circasia ,1772,,1772,18,91,30 141 ,1884,,,
Quindío,Córdoba ,1700,,1700,19,"98,21",5 294 ,1912,,,
Quindío,Filandia ,1923,,1923,18,109.4 ,13 467 ,1878,,,
Quindío,Génova ,1596,,1596,19.5 ,297.9 ,7 768 ,1903,,,
Quindío,La Tebaida ,1190,,1190,23,89,43 135 ,1916,,,
Quindío,Montenegro ,1294,,1294,21,148.92 ,41 434 ,1892,,,
Quindío,Pijao ,1700,,1700,21,"243,12",6 097 ,1902,,,
Quindío,Quimbaya ,1425,,1425,21,126.69 ,35 039 ,1914,,,
Quindío,Salento ,1895,,1895,18,377.67 ,7 106 ,1842,,,
,Nombre ,,,Altitud (m.s.n.m.) ,Temperatura Promedio (°C) ,Área (km²) ,Habitantes ,Año de fundación,,,
Risaralda,Apía ,1630,,1630,19,214,19 123 ,1883,,,
Risaralda,Balboa ,1550,,1550,20,119,6 331 ,1923,,,
Risaralda,Belén de Umbría ,1525,,1525,20,178,27 722 ,1890,,,
Risaralda,Dosquebradas ,1460,,1460,20,70.8 ,200 829 ,1844,,,
Risaralda,Guática ,1820,,1820,18,97,15 261 ,1921,,,
Risaralda,La Celia ,1350,,1350,20,87,8 584 ,1959,,,
Risaralda,La Virginia ,899,,899,28,33,32 114 ,1959,,,
Risaralda,Marsella ,1575,,1575,19,57,23 500 ,1860,,,
Risaralda,Mistrató ,1518,,1518,19,483,16 311 ,1923,,,
Risaralda,Pereira ,1411,,1411,18,702,472 023 ,1863,,,
Risaralda,Pueblo Rico ,1560,,1560,18,1020,13 451 ,1886,,,
Risaralda,Quinchía ,1825,,1825,18,150,33 816 ,1888,,,
Risaralda,Santa Rosa de Cabal ,1715,,1715,19,486,72 435 ,1852,,,
Risaralda,Santuario ,1565,,1565,20,226,15 750 ,1886,,,
,Isla ,,,Altitud (m.s.n.m.) ,Población Censo 2005 ,Superficie ,Densidad,,,,
San Andrés y Providencia,San Andrés ,,,0,65 627 ,26 km² ,"2524,11 h/km²",,,,
San Andrés y Providencia,Providencia ,,,0,4927,17 km² ,"289,82 h/km²",,,,
San Andrés y Providencia,Santa Catalina ,,,0,200 habitantes aprox. ,1 km² ,- ,,,,
,Nombre ,,,Provincia ,Superficie (km²) ,Habitantes ,Año Erección Municipal ,Fundación,,,
Santander,Aguada ,,,Vélez ,- ,1 829 ,s.XVIII ,1775,,,
Santander,Albania ,,,Vélez ,- ,5 162 ,1904,1903,,,
Santander,Aratoca ,,,Guanentá ,170,8 301 ,s.XVIII ,1750,,,
Santander,Barbosa ,,,Vélez ,"46,43",28 873 ,21 de junio de 1940 ,1539,,,
Santander,Barichara ,,,Guanentá ,134,7 166 ,s.XVIII ,1705,,,
Santander,Barrancabermeja ,,,Yariguíes ,- ,191 704 ,26 de abril de 1922 ,1536,,,
Santander,Betulia ,,,Yariguíes ,- ,5 075 ,1874,1844,,,
Santander,Bolívar ,,,Vélez ,- ,12 204 ,1887,1844,,,
Santander,Bucaramanga ,,,Metropolitana ,- ,528 352 ,22 de diciembre de 1622 ,1623,,,
Santander,Cabrera ,,,Guanentá ,68,2 313 ,1887,1809,,,
Santander,California ,,,Soto ,- ,2 006 ,s.XVI ,1905,,,
Santander,Capitanejo ,,,García Rovira ,- ,5 543 ,s.XIX ,1541,,,
Santander,Carcasí ,,,García Rovira ,- ,5 021 ,1772,1683,,,
Santander,Cepitá ,,,Guanentá ,- ,1 846 ,s.XIX ,1791,,,
Santander,Cerrito ,,,García Rovira ,- ,5 660 ,s.XVIII ,1774,,,
Santander,Charalá ,,,Guanentá ,411,10 454 ,s.XVIII ,1540,,,
Santander,Charta ,,,Soto ,- ,2 637 ,1927,1927,,,
Santander,Chima ,,,Comunera ,- ,3 062 ,s.XIX ,1775,,,
Santander,Chipatá ,,,Vélez ,- ,5 080 ,s.XIX ,1537,,,
Santander,Cimitarra ,,,Vélez ,"3165,94",45 901 ,26 de noviembre de 1966 ,1536,,,
Santander,Concepción ,,,García Rovira ,- ,5 230 ,- ,1773,,,
Santander,Confines ,,,Comunera ,88,2 697 ,1887,1773,,,
Santander,Contratación ,,,Comunera ,- ,3 451 ,- ,1869,,,
Santander,Coromoro ,,,Guanentá ,- ,7 584 ,- ,1729,,,
Santander,Curití ,,,Guanentá ,238,11 942 ,1877,1670,,,
Santander,El Carmen de Chucurí ,,,Yariguíes ,- ,20 296 ,- ,1938,,,
Santander,El Guacamayo ,,,Comunera ,- ,1 967 ,1950,1932,,,
Santander,El Peñón ,,,Vélez ,- ,5 114 ,- ,1953,,,
Santander,El Playón ,,,Metropolitana ,- ,11 646 ,- ,1932,,,
Santander,Encino ,,,Guanentá ,- ,2 480 ,- ,1785,,,
Santander,Enciso ,,,García Rovira ,- ,3 258 ,- ,1773,,,
Santander,Florián ,,,Vélez ,170,6 293 ,1975,1915,,,
Santander,Floridablanca ,,,Metropolitana ,- ,266 102 ,7 de noviembre de 1817 ,1817,,,
Santander,Galán ,,,Comunera ,"205,7",2 244 ,- ,1783,,,
Santander,Gámbita ,,,Comunera ,- ,5 038 ,- ,1780,,,
Santander,Girón ,,,Metropolitana ,- ,185 248 ,15 de enero de 1631 ,1631,,,
Santander,Guaca ,,,García Rovira ,- ,6 345 ,- ,1553,,,
Santander,Guadalupe ,,,Comunera ,"155,815",4 682 ,1715,1715,,,
Santander,Guapotá ,,,Comunera ,- ,2 120 ,- ,1810,,,
Santander,Guavatá ,,,Vélez ,- ,3 620 ,- ,1542,,,
Santander,Güepsa ,,,Vélez ,- ,3 804 ,- ,1537,,,
Santander,Hato ,,,Comunera ,- ,2 340 ,- ,1825,,,
Santander,Jesús María ,,,Vélez ,- ,3 107 ,- ,1746,,,
Santander,Jordán ,,,Guanentá ,- ,1 099 ,- ,1822,,,
Santander,La Belleza ,,,Vélez ,219,8 592 ,- ,1928,,,
Santander,La Paz ,,,Vélez ,- ,5 104 ,- ,1793,,,
Santander,Landázuri ,,,Vélez ,- ,15 395 ,13 de diciembre de 1974 ,1891,,,
Santander,Lebrija ,,,Metropolitana ,854,39 398 ,- ,1876,,,
Santander,Los Santos ,,,Metropolitana ,242,12 299 ,1887,1750,,,
Santander,Macaravita ,,,García Rovira ,- ,2 336 ,- ,1725,,,
Santander,Málaga ,,,García Rovira ,- ,18 352 ,- ,1542,,,
Santander,Matanza ,,,Soto ,- ,5 238 ,- ,1749,,,
Santander,Mogotes ,,,Guanentá ,- ,10 885 ,- ,1703,,,
Santander,Molagavita ,,,García Rovira ,- ,5 130 ,- ,1709,,,
Santander,Ocamonte ,,,Guanentá ,- ,4 748 ,- ,1770,,,
Santander,Oiba ,,,Comunera ,- ,11 815 ,- ,1540,,,
Santander,Onzaga ,,,Guanentá ,- ,5 003 ,- ,1602,,,
Santander,Palmar ,,,Comunera ,- ,3 374 ,- ,1754,,,
Santander,Palmas del Socorro ,,,Comunera ,- ,2 227 ,- ,1809,,,
Santander,Páramo ,,,Guanentá ,81,4 158 ,- ,1768,,,
Santander,Piedecuesta ,,,Metropolitana ,- ,152 665 ,26 de julio de 1776 ,1774,,,
Santander,Pinchote ,,,Guanentá ,"53,81",5 285 ,- ,11 de abril de 1782,,,
Santander,Puente Nacional ,,,Vélez ,- ,12 270 ,- ,1556,,,
Santander,Puerto Parra ,,,Vélez ,- ,7 655 ,- ,1826,,,
Santander,Puerto Wilches ,,,Yariguíes ,- ,31 510 ,- ,1872,,,
Santander,Rionegro ,,,Metropolitana ,- ,26 896 ,- ,1805,,,
Santander,Sabana de Torres ,,,Yariguíes ,- ,18 493 ,29 de noviembre de 1979 ,1920,,,
Santander,San Andrés ,,,García Rovira ,278,8 432 ,- ,1756,,,
Santander,San Benito ,,,Vélez ,- ,3 995 ,- ,1592,,,
Santander,San Gil ,,,Guanentá ,145,45 605 ,-S. XVII ,1689,,,
Santander,San Joaquín ,,,Guanentá ,- ,2 445 ,- ,1779,,,
Santander,San José de Miranda ,,,García Rovira ,- ,4 303 ,- ,1915,,,
Santander,San Miguel ,,,García Rovira ,- ,2 349 ,- ,1763,,,
Santander,San Vicente de Chucurí ,,,Yariguíes ,- ,34 759 ,- ,1876,,,
Santander,Santa Bárbara ,,,Metropolitana ,- ,2 122 ,29 de noviembre de 1976 ,1903,,,
Santander,Santa Helena del Opón ,,,Comunera ,- ,4 288 ,- ,1917,,,
Santander,Simacota ,,,Comunera ,- ,7 688 ,- ,1703,,,
Santander,Socorro ,,,Comunera ,"122,1",30 717 ,- ,1681,,,
Santander,Suaita ,,,Comunera ,- ,10 212 ,- ,1699,,,
Santander,Sucre ,,,Vélez ,- ,8 324 ,- ,1892,,,
Santander,Suratá ,,,Soto ,- ,3 264 ,- ,1728,,,
Santander,Tona ,,,Metropolitana/Soto ,- ,7 129 ,- ,1550,,,
Santander,Valle de San José ,,,Guanentá ,84,4 607 ,1776,1724,,,
Santander,Vélez ,,,Vélez ,- ,18 993 ,- ,1539,,,
Santander,Vetas ,,,Soto ,- ,2 444 ,- ,1555,,,
Santander,Villanueva ,,,Guanentá ,48,5 753 ,1966,1948,,,
Santander,Zapatoca ,,,Metropolitana ,- ,8 891 ,- ,1743,,,
,Nombre ,,,Provincia ,Altitud (m.s.n.m.) ,Temperatura Promedio (°C) ,Área (km²) ,Habitantes (2005) ,Año de fundación,,
Sucre,Guaranda ,20,,La Mojana ,20 msnm ,,"373,4 km² ",17 646 ,1872,,
Sucre,Majagual ,28,,La Mojana ,28 msnm ,,826 km² ,33 438 ,1787,,
Sucre,Sucre ,20,,La Mojana ,20 msnm ,30-32 ,"1110,54 km² ",22 403 ,1799,,
Sucre,Chalán ,,,Montes de María ,,,,4 367 ,1745,,
Sucre,Colosó ,,,Montes de María ,,,,5 803 ,1770,,
Sucre,Morroa ,,,Montes de María ,,,,14 583 ,1533,,
Sucre,Ovejas ,,,Montes de María ,,,,21 030 ,1776,,
Sucre,Sincelejo ,,,Montes de María ,,,,279 027 ,1776,,
Sucre,Coveñas ,,,Morrosquillo ,,,,13 779 ,1560,,
Sucre,Palmito ,,,Morrosquillo ,,,,13 953 ,1776,,
Sucre,San Onofre ,,,Morrosquillo ,,,,50 647 ,1774,,
Sucre,Santiago de Tolú ,,,Morrosquillo ,,,,33 871 ,1535,,
Sucre,Toluviejo ,,,Morrosquillo ,,32°c ,,18 895 ,1534,,
Sucre,Buenavista ,,,Sabanas ,,,,9 618 ,1776,,
Sucre,Corozal ,,,Sabanas ,,,,62 830 ,1775,,
Sucre,El Roble ,,,Sabanas ,,,,10 670 ,1800,,
Sucre,Galeras ,,,Sabanas ,,,,20 515 ,1782,,
Sucre,Los Palmitos ,,,Sabanas ,,,,19 245 ,1933,,
Sucre,Sampués ,,,Sabanas ,,,,38 067 ,1610,,
Sucre,San Juan de Betulia ,,,Sabanas ,,,,12 557 ,1684,,
Sucre,San Pedro ,,,Sabanas ,,,,16 005 ,1684,,
Sucre,Sincé ,,,Sabanas ,,,,34 016 ,1775,,
Sucre,Caimito ,,,San Jorge ,,,,12 184 ,1607,,
Sucre,La Unión ,,,San Jorge ,,,,11 262 ,1832,,
Sucre,San Benito Abad ,,,San Jorge ,,,,25 723 ,1677,,
Sucre,San Marcos ,,,San Jorge ,,,,57 775 ,1706,,
,Nombre ,,,Cabecera Municipal ,Zona ,Superficie (km²) ,Habitantes ,Fundación ,Altura Cabecera mun. m.s.n.m. ,,
Tolima,Alvarado,412,,Alvarado,Ibagué,311,8 816,1540,412,,
Tolima,Anzoátegui,2010,,Anzoátegui,Ibagué,541,18 638,16 de julio de 1895,2010,,
Tolima,Cajamarca,1814,,Cajamarca,Ibagué,800,19 641,27 de marzo de 1913,1814,,
Tolima,Coello,329,,Coello,Ibagué,350,9 810,5 de julio de 1627,329,,
Tolima,Espinal,323,,El Espinal,Ibagué,217,76 149,18 de septiembre de 1754,323,,
Tolima,Flandes,285,,Flandes,Ibagué,95,29 199,1875,285,,
Tolima,Ibagué,1225,,Ibagué,Ibagué,1439,562 704,14 de octubre de 1550,1225,,
Tolima,Piedras,403,,Piedras,Ibagué,361,5 640,13 de octubre de 1552,403,,
Tolima,Rovira,900,,Rovira,Ibagué,1100,20 542,13 de octubre de 1570,900,,
Tolima,San Luis,500,,San Luis,Ibagué,425,19 153,9 de octubre de 1780,500,,
Tolima,Valle de San Juan,600,,Valle de San Juan,Ibagué,198,6 368,24 de junio de 1702,600,,
Tolima,Casabianca,2081,,Casabianca,Nevados,264,6 661,1 de agosto de 1866,2081,,
Tolima,Herveo,2250,,Herveo,Nevados,342,8 008,17 de octubre de 1870,2250,,
Tolima,Lérida,366,,Lérida,Nevados,281,17 395,26 de junio de 1777,366,,
Tolima,Líbano,1565,,Líbano,Nevados,280,45 662,23 de abril de 1849,1565,,
Tolima,Murillo,3050,,Murillo,Nevados,364,5 018,24 de octubre de 1872,3050,,
Tolima,Santa Isabel,2250,,Santa Isabel,Nevados,415,6 357,12 de septiembre de 1893,2250,,
Tolima,Venadillo,349,,Venadillo,Nevados,352,19 652,2 de septiembre de 1560,349,,
Tolima,Villahermosa,2079,,Villahermosa,Nevados,188,10 652,1863,2079,,
Tolima,Ambalema,241,,Ambalema,Norte,239,6 755,15 de agosto de 1627,241,,
Tolima,Armero,500,,Guayabal,Norte,385,11 839,1 de abril de 1886,500,,
Tolima,Falan,990,,Falan,Norte,238,9 211,3 de septiembre de 1749,990,,
Tolima,Fresno,1450,,Fresno,Norte,208,30 165,31 de octubre de 1887,1450,,
Tolima,Honda,225,,Honda,Norte,309,24 547,24 de agosto de 1539,225,,
Tolima,San Sebastián de Mariquita,495,,San Sebastián de Mariquita,Norte,379,33 329,21 de agosto de 1551,495,,
Tolima,Palocabildo,1450,,Palocabildo,Norte,65,9 160,16 de julio de 1908,1450,,
Tolima,Carmen de Apicalá,328,,Carmen de Apicalá,Oriente,183,8 835,16 de julio de 1828,328,,
Tolima,Cunday,475,,Cunday,Oriente,518,9 634,28 de febrero de 1794,475,,
Tolima,Icononzo,1034,,Icononzo,Oriente,232,10 894,1 de septiembre de 1875,1034,,
Tolima,Melgar,323,,Melgar,Oriente,215,36 339,1 de enero de 1872,323,,
Tolima,Villarrica,1300,,Villarrica,Oriente,460,5 389,3 de agosto de 1926,1300,,
Tolima,Ataco,446,,Ataco,Sur,1122,22 589,1 de enero de 1778,446,,
Tolima,Chaparral,854,,Chaparral,Sur,2124,47 248,23 de julio de 1773,854,,
Tolima,Coyaima,392,,Coyaima,Sur,664,28 335,29 de marzo de 1621,392,,
Tolima,Natagaima,326,,Natagaima,Sur,860,22 516,12 de junio de 1608,326,,
Tolima,Ortega,402,,Ortega,Sur,945,32 431,30 de noviembre de 1821,402,,
Tolima,Planadas,1450,,Planadas,Sur,1445,29 974,1920,1450,,
Tolima,Rioblanco,900,,Rioblanco,Sur,1443,24 459,1900,900,,
Tolima,Roncesvalles,2640,,Roncesvalles,Sur,790,6 344,12 de febrero de 1913,2640,,
Tolima,San Antonio,1400,,San Antonio,Sur,407,14 310,13 de junio de 1825,1400,,
Tolima,Alpujarra,1361,,Alpujarra,Suroriente,473,4 974,7 de abril de 1768,1361,,
Tolima,Dolores,1450,,Dolores,Suroriente,672,8 015,17 de enero de 1700,1450,,
Tolima,Guamo,326,,Guamo,Suroriente,561,32 113,26 de junio de 1772,326,,
Tolima,Prado,321,,Prado,Suroriente,448,7 701,12 de agosto de 1781,321,,
Tolima,Purificación,329,,Purificación,Suroriente,422,29 412,25 de mayo de 1664,329,,
Tolima,Saldaña,400,,Saldaña,Suroriente,214,14 385,1882,400,,
Tolima,Suárez,290,,Suárez,Suroriente,194,4 547,23 de agosto de 1696,290,,
,Nombre ,,,Subregión ,Habitantesn 1​ ,Área(km²) c ,Altitud(msnm)n 2​ ,Temp.(°C)n 3​ ,Año de fundación,,
Valle del Cauca,Alcalá ,1290,,Norte ,21 779 ,64,1290,21,1791,,
Valle del Cauca,Andalucía ,995,,Centro ,17 789 ,316,995,23,1836,,
Valle del Cauca,Ansermanuevo ,1035,,Norte ,19 450 ,346,1035,23,1539,,
Valle del Cauca,Argelia ,1560,,Norte ,6 421 ,87,1560,20,1904,,
Valle del Cauca,Bolívar ,978,,Norte ,13 302 ,602,978,23,1567,,
Valle del Cauca,Buenaventura ,7,,Occidente ,407 539 ,6028,7,27,1540,,
Valle del Cauca,Buga ,969,,Centro ,115 028 ,832,969,23,1573,,
Valle del Cauca,Bugalagrande ,950,,Centro ,21 127 ,374,950,25,1886,,
Valle del Cauca,Caicedonia ,1100,,Oriente ,29 726 ,170,1100,24,1910,,
Valle del Cauca,Cali ,995,,Sur ,2 394 870 ,562,995,24,1536,,
Valle del Cauca,Calima - El Darién ,1487,,Centro ,15 794 ,1154,1487,18,1907,,
Valle del Cauca,Candelaria ,973,,Sur ,82 898 ,285,973,24,1545,,
Valle del Cauca,Cartago ,917,,Norte ,132 966 ,279,917,24,1540,,
Valle del Cauca,Dagua ,828,,Sur ,36 524 ,886,828,24,1909,,
Valle del Cauca,El Águila ,1800,,Norte ,11 115 ,199,1800,19,1899,,
Valle del Cauca,El Cairo ,1850,,Norte ,10 050 ,283,1850,18,1920,,
Valle del Cauca,El Cerrito ,987,,Centro ,57 749 ,466,987,23,1825,,
Valle del Cauca,El Dovio ,1434,,Norte ,8 407 ,383,1434,20,1936,,
Valle del Cauca,Florida ,1591,,Sur ,58 342 ,253,1591,23,1913,,
Valle del Cauca,Ginebra ,1100,,Centro ,21 241 ,313,1100,22,1909,,
Valle del Cauca,Guacarí ,900,,Centro ,34 796 ,167,900,25,1570,,
Valle del Cauca,Jamundí ,975,,Sur ,122 030 ,655,975,23,1536,,
Valle del Cauca,La Cumbre ,1038,,Sur ,11 562 ,235,1038,23,1882,,
Valle del Cauca,La Unión ,975,,Norte ,38 351 ,125,975,24,1604,,
Valle del Cauca,La Victoria ,915,,Norte ,13 167 ,276,915,23,1835,,
Valle del Cauca,Obando ,917,,Norte ,15 059 ,213,917,23,1928,,
Valle del Cauca,Palmira ,1001,,Sur ,306 727 ,1123,1001,24,1680,,
Valle del Cauca,Pradera ,1070,,Sur ,55 831 ,407,1070,23,1862,,
Valle del Cauca,Restrepo ,1400,,Centro ,16 272 ,237,1400,19,1913,,
Valle del Cauca,Riofrío ,909,,Centro ,14 489 ,280,909,23,1567,,
Valle del Cauca,Roldanillo ,966,,Norte ,32 597 ,217,966,23,1576,,
Valle del Cauca,San Pedro ,980,,Centro ,18 383 ,240,980,23,1795,,
Valle del Cauca,Sevilla ,1612,,Oriente ,44 876 ,639,1612,20,1903,,
Valle del Cauca,Toro ,950,,Norte ,16 458 ,166,950,23,1573,,
Valle del Cauca,Trujillo ,1260,,Centro ,18 041 ,221,1260,21,1922,,
Valle del Cauca,Tuluá ,960,,Centro ,214 081 ,911,960,25,1639,,
Valle del Cauca,Ulloa ,1350,,Norte ,5 421 ,42,1350,21,1928,,
Valle del Cauca,Versalles ,1864,,Norte ,7 118 ,352,1864,18,1894,,
Valle del Cauca,Vijes ,987,,Sur ,11 147 ,214,987,23,1539,,
Valle del Cauca,Yotoco ,972,,Centro ,16 345 ,321,972,24,1622,,
Valle del Cauca,Yumbo ,1021,,Sur ,119 889 ,228,1021,23,1536,,
Valle del Cauca,Zarzal ,916,,Norte ,45 681 ,362,916,24,1909,,
,Nombre ,,,Tipo ,Altitud (m.s.n.m.) ,Temperatura Promedio (°C) ,Área (km²) ,Habitantes (2005) ,Año de fundación,,
Vaupés,Carurú ,185,,Municipio ,185,28,"6271,98",3 331 ,1967,,
Vaupés,Mitú ,200,,Municipio ,200,28,16422,31 861 ,1936,,
Vaupés,Pacoa ,200,,Área no municipalizada ,200,28,"14108,71",5 843 ,,,
Vaupés,Papunaua ,200,,Área no municipalizada ,200,,"5937,9",841,,,
Vaupés,Taraira ,189,,Municipio ,189,,6619,968,1985,,
Vaupés,Yavaraté ,100,,Área no municipalizada ,100,,3459,1 235 ,,,
,Nombre ,,,Altitud (m.s.n.m.) ,Temperatura Promedio (°C) ,Área (km²) ,Habitantes ,Año de fundación ,Código postal1​,,
Vichada,Cumaribo ,125,,125,27,65.193n. 1​ ,37 740 ,1959,991001,,
Vichada,La Primavera ,100,,100,28,22159,15 886 ,1959,992001,,
Vichada,Puerto Carreño ,51,,51,28,12897,16 000 ,1954,990001,,
Vichada,Santa Rosalía ,320,,320,25,3937,4 076 ,1970,992050,,
